MOD17A3HGF.A2001001.h10v09.006.2020136134928.Npp_500m,MOD17A3HGF,A2001001,Lat-3.834436Lon-73.31897Samp17Line17,2020136134928,1.3472,1.3971,F,0.7894,0.6224,0.6326,0.6447,F,F,F,F,F,1.3594,1.3752,1.3376,1.3751,1.3664,1.3682,1.4097,F,0.7223,0.6629,0.6844,0.893,0.6851,0.6626,0.6958,0.8748,1.3416,1.3734,1.371,1.3382,1.3582,1.3568,1.4108,1.4026,F,0.6777,0.7104,1.3165,1.3472,0.147,0.6602,0.6908,1.3408,1.3276,1.3526,1.3447,1.3436,1.3505,1.3518,1.3834,1.3894,1.3527,0.6854,0.6679,0.6408,0.6618,0.6912,0.7154,1.3621,1.3322,1.3371,1.3517,1.3657,1.3435,1.35,1.3502,1.3371,1.3515,1.3759,0.753,0.7903,0.7511,0.6934,0.7272,0.6702,1.3537,1.3528,1.3307,1.329,1.3542,1.3434,1.3551,1.3639,1.3709,1.3849,1.379,1.3292,0.7266,0.7142,F,1.3325,1.3587,1.3665,1.3638,1.3511,1.3466,1.3614,1.3539,1.3483,1.3391,0.7482,1.384,1.3955,1.3676,0.7298,0.738,F,1.4463,F,1.3198,1.398,1.3768,1.3366,1.3657,1.3523,1.3388,1.3697,0.6844,0.6678,0.7368,0.7077,F,0.7265,0.9025,1.3386,F,F,1.4275,1.366,1.3494,1.3678,1.352,1.3534,1.339,0.7226,0.6923,0.743,0.7321,F,F,F,1.3556,1.3641,1.3761,1.4013,1.363,1.3721,1.378,1.3622,1.3382,1.3439,0.686,0.6839,0.6206,0.6532,0.6308,F,F,1.3723,1.359,1.3519,1.3614,1.3484,1.3555,1.3589,1.3492,1.3482,1.3638,1.3337,1.4078,0.6125,0.6951,0.8596,0.829,1.3559,1.3606,1.371,1.3454,1.3687,1.3533,1.3635,1.3438,1.3677,1.3715,1.3629,0.5786,0.5828,0.6435,0.6675,0.6256,0.6214,1.348,1.3668,1.3596,1.3761,1.3834,1.3805,1.3647,1.3655,1.3626,1.3544,1.3947,0.6218,0.6494,0.6478,0.6259,0.6683,1.3785,1.3462,1.3541,1.3534,1.3724,1.3965,1.3781,1.3605,1.3442,1.3324,1.3617,1.3702,0.9513,0.6817,0.6521,0.6264,F,0.12,1.344,1.3583,1.368,1.3531,1.386,1.3314,1.3375,1.3316,1.3447,1.3471,1.3811,0.6416,0.6426,0.7255,0.7757,F,0.1727,1.3437,1.3635,1.3674,1.367,1.3565,1.3719,1.3467,1.3365,1.3555,1.3746,1.3383,1.3583,0.0574,0.6193,0.6619,0.7144,1.3761,1.3584,1.3567,1.3598,1.3554,1.3891,1.3657,1.3418,1.3495,1.3407,1.3701,1.3761,1.365,0.0793,0.5725,0.6714,0.7024,1.3365,1.3494,1.367,1.3714,1.362,1.3495,1.3264,1.3435,1.3678,1.292,1.3914,1.3862
MOD17A3HGF.A2002001.h10v09.006.2020143160632.Npp_500m,MOD17A3HGF,A2002001,Lat-3.834436Lon-73.31897Samp17Line17,2020143160632,1.3789,1.3419,F,0.7458,0.7034,0.6748,0.7031,F,F,F,F,F,1.3331,1.3176,1.3092,1.3349,1.3578,1.3575,1.3713,F,0.739,0.7242,0.7244,0.9486,0.7,0.6956,0.7193,0.9172,1.3384,1.3186,1.3099,1.2929,1.3102,1.3161,1.3573,1.3709,F,0.7702,0.7196,1.3511,1.3624,0.3151,0.7397,0.737,1.2981,1.3327,1.3025,1.3251,1.3487,1.3468,1.2927,1.3782,1.3915,1.3682,0.7904,0.7659,0.7465,0.7176,0.7759,0.7405,1.3454,1.3367,1.3368,1.3088,1.3228,1.3501,1.3573,1.2838,1.3801,1.3535,1.3491,0.7952,0.7534,0.7598,0.733,0.7511,0.7363,1.3566,1.3573,1.3326,1.3075,1.3442,1.3803,1.3621,1.3043,1.4072,1.3267,1.3747,1.357,0.7374,0.7598,F,1.3627,1.3693,1.3565,1.3585,1.3256,1.3166,1.3477,1.3139,1.3197,1.3084,0.7769,1.3399,1.3455,1.3736,0.7614,0.74,F,1.3711,F,1.3606,1.3455,1.3359,1.3516,1.3381,1.3244,1.306,1.3094,0.7567,0.7335,0.7648,0.7636,F,0.7424,0.9033,1.3153,F,F,1.3476,1.3442,1.3477,1.3468,1.2525,1.2528,1.3067,0.7364,0.7566,0.7234,0.7618,F,F,F,1.3672,1.3571,1.3338,1.3378,1.3397,1.3318,1.3281,1.2494,1.2479,1.3193,0.7188,0.733,0.7217,0.7054,0.7553,F,F,1.3561,1.3446,1.341,1.3348,1.1552,1.3355,1.2941,1.3517,1.3158,1.3159,1.3209,1.3404,0.7062,0.7407,0.8619,0.7996,1.3557,1.3795,1.3299,1.3458,1.3415,1.3158,1.3424,1.2904,1.3288,1.3368,1.2943,0.6958,0.7243,0.7545,0.8018,0.7311,0.8034,1.3666,1.3595,1.35,1.3337,1.3513,1.3337,1.2983,1.3334,1.3432,1.3523,1.3137,0.7134,0.7439,0.7805,0.7189,0.7194,1.3749,1.2885,1.346,1.3238,1.2955,1.3356,1.3723,1.3559,1.3676,1.3368,1.3287,1.3063,0.9854,0.7311,0.7599,0.7294,F,0.3976,1.3662,1.3461,1.309,1.2145,1.227,1.3115,1.3809,1.3115,1.3003,1.3027,1.3339,0.7297,0.7322,0.7259,0.8382,F,0.3773,1.3633,1.3408,1.3367,1.3396,1.3203,1.3121,1.3689,1.2876,1.2938,1.3008,1.3015,1.3032,0.1438,0.7471,0.7623,0.7798,1.3681,1.3325,1.3432,1.3644,1.3551,1.3166,1.3037,1.3862,1.3032,1.2944,1.3064,1.3098,1.3181,0.264,0.7143,0.6877,0.7663,1.2704,1.2815,1.3104,1.339,1.2752,1.3074,1.3083,1.3286,1.301,1.2991,1.3017,1.3177
MOD17A3HGF.A2003001.h10v09.006.2020168120335.Npp_500m,MOD17A3HGF,A2003001,Lat-3.834436Lon-73.31897Samp17Line17,2020168120335,1.293,1.2922,F,0.709,0.7419,0.7147,0.6929,F,F,F,F,F,1.202,1.1574,1.272,1.2741,1.2866,1.3007,1.2721,F,0.7325,0.7138,0.6845,0.8518,0.6713,0.6343,0.7007,0.8138,1.2654,1.2535,1.1965,1.3254,1.2659,1.2671,1.3533,1.3141,F,0.7241,0.7006,1.2794,1.2656,0.3228,0.6874,0.7064,1.2681,1.2639,1.2843,1.2343,1.2749,1.2972,1.257,1.2822,1.3354,1.2702,0.7017,0.7094,0.6718,0.6948,0.7134,0.7422,1.2453,1.3106,1.2872,1.2921,1.2902,1.2916,1.2761,1.2833,1.3102,1.2823,1.2719,0.725,0.7318,0.7347,0.7226,0.7296,0.7359,1.3146,1.2915,1.2846,1.2898,1.2721,1.1319,1.3062,1.3048,1.2674,1.2696,1.2848,1.2755,0.6925,0.7198,F,1.2768,1.2655,1.272,1.2982,1.2963,1.2854,1.2905,1.2838,1.2835,1.2322,0.7224,1.2916,1.2774,1.2598,0.7055,0.6831,F,1.2805,F,1.2464,1.2904,1.272,1.2772,1.2674,1.2826,1.2959,1.2382,0.749,0.7326,0.7106,0.707,F,0.6853,0.8822,1.3504,F,F,1.2575,1.2543,1.2802,1.2952,1.2907,1.318,1.2788,0.7538,0.7668,0.7259,0.7018,F,F,F,1.2398,1.2562,1.2652,1.2892,1.3067,1.3135,1.2916,1.3294,1.2682,1.333,0.7155,0.7394,0.7341,0.7434,0.7384,F,F,1.2895,1.2155,1.2778,1.2903,1.2825,1.2199,1.2871,1.2679,1.2775,1.2485,1.2796,1.2453,0.7195,0.7345,0.8599,0.7579,1.307,1.2878,1.2668,1.2869,1.3243,1.1251,1.2587,1.2764,1.2852,1.2518,1.228,0.6825,0.686,0.7363,0.7483,0.7336,0.7314,1.2445,1.3133,1.2459,1.2663,1.2591,1.2239,1.2763,1.2619,1.2282,1.2974,1.312,0.7158,0.7187,0.7193,0.7345,0.772,1.3096,1.3089,1.304,1.2017,1.2232,1.2956,1.3538,1.2364,1.252,1.2863,1.3138,1.2728,0.953,0.7411,0.7773,0.7406,F,0.2021,1.2854,1.2679,1.3022,1.2041,1.3392,1.268,1.2465,1.0532,1.2284,1.2858,1.1062,0.6828,0.7278,0.8004,0.8406,F,0.1518,1.3135,1.2618,1.2609,1.2769,1.3359,1.2596,1.2581,1.2711,1.2074,1.2962,1.2697,1.2408,0.1381,0.7187,0.7481,0.773,1.2407,1.3045,1.2564,1.2546,1.2522,1.268,1.2777,1.0996,1.2303,1.2952,1.2502,1.3011,1.2323,0.1874,0.653,0.7066,0.7293,1.2525,1.2378,1.2582,1.2675,1.2775,1.2463,1.2455,1.2167,1.2111,1.2674,1.2651,1.2761
MOD17A3HGF.A2004001.h10v09.006.2020243083315.Npp_500m,MOD17A3HGF,A2004001,Lat-3.834436Lon-73.31897Samp17Line17,2020243083315,1.2822,1.3037,F,0.7188,0.6895,0.6882,0.7424,F,F,F,F,F,1.2512,1.2891,1.2443,1.2766,1.287,1.259,1.301,F,0.7162,0.7081,0.683,0.9106,0.7311,0.6513,0.6986,0.8182,1.24,1.2371,1.2472,1.244,1.2241,1.2093,1.2451,1.2686,F,0.7201,0.7068,1.2689,1.2699,0.1737,0.7396,0.7001,1.2675,1.2601,1.1587,1.2553,1.3189,1.248,1.2171,1.2633,1.2786,1.2746,0.7045,0.7036,0.7025,0.6874,0.7302,0.7295,1.2298,1.2372,1.2357,1.2219,1.2313,1.1976,1.1548,1.2229,1.2708,1.2372,1.2559,0.6857,0.6521,0.7119,0.7167,0.7073,0.7405,1.2709,1.2558,1.1663,1.2111,1.2172,1.2348,1.2373,1.2379,1.2739,1.2736,1.2732,1.2496,0.659,0.6951,F,1.2555,1.261,1.2868,1.2459,1.2365,1.2216,1.2669,1.2522,1.2707,1.2341,0.6989,0.1531,1.2616,1.2597,0.6599,0.6992,F,1.3503,F,1.2752,1.2375,1.234,1.2032,1.2097,1.1725,1.2217,1.2948,0.7038,0.6811,0.6801,0.6516,F,0.6578,0.8979,1.1753,F,F,1.244,1.1676,1.1939,1.1837,1.2195,1.2246,1.24,0.685,0.6525,0.6522,0.6963,F,F,F,1.2181,1.2173,1.2549,1.2133,1.2165,1.2486,1.2115,1.2255,1.2453,1.2288,0.6071,0.6541,0.6493,0.6497,0.6365,F,F,1.148,1.1663,1.2362,1.23,1.218,1.233,1.2241,1.239,1.2545,1.2119,1.235,1.2075,0.6753,0.6898,0.7995,0.6576,1.2384,1.2364,1.2219,1.228,1.2721,1.2761,1.2704,1.2345,1.1898,1.208,1.2494,0.5501,0.6244,0.6842,0.7164,0.6964,0.6459,1.2311,1.2115,1.2381,1.1979,1.243,1.2513,1.2844,1.2772,1.285,1.2438,1.2241,0.6195,0.6473,0.6302,0.6863,0.6948,1.2633,1.2729,1.273,1.2562,1.3142,1.2792,1.2728,1.2693,1.2578,1.2597,1.269,1.2557,0.9642,0.6351,0.6546,0.5919,F,0.2211,1.2803,1.2063,1.2185,1.2329,1.2444,1.2788,1.2576,1.2531,1.2241,1.2385,1.2357,0.6813,0.688,0.7219,0.781,F,0.1829,1.2425,1.2168,1.2348,1.1954,1.2353,1.2603,1.2171,1.2137,1.2309,1.2426,1.2402,1.2337,0.0657,0.6358,0.715,0.6864,1.2364,1.3076,1.2231,1.2322,1.2438,1.2197,1.2616,1.2278,1.2554,1.1999,1.2494,1.2445,1.1734,0.0906,0.6619,0.626,0.6636,1.1891,1.2018,1.2192,1.2829,1.2206,1.2363,1.194,1.2636,1.2329,1.2259,1.2579,1.2398
MOD17A3HGF.A2005001.h10v09.006.2020258193515.Npp_500m,MOD17A3HGF,A2005001,Lat-3.834436Lon-73.31897Samp17Line17,2020258193515,1.3455,1.3864,F,0.7939,0.7566,0.7567,0.7534,F,F,F,F,F,1.3087,1.3157,1.3241,1.2874,1.3452,1.3171,1.3338,F,0.7616,0.7406,0.7521,0.971,0.7758,0.7968,0.815,0.9122,1.2338,1.361,1.311,1.3326,1.2912,1.2722,1.328,1.3138,F,0.7849,0.7554,1.3413,1.3285,0.1862,0.7799,0.7863,1.3453,1.0824,1.3441,1.3491,1.3742,1.2664,1.2564,1.3642,1.3669,1.3628,0.7579,0.7909,0.7926,0.7542,0.7741,0.7917,1.3572,1.3591,1.3189,1.2922,1.313,1.2606,1.239,1.2818,1.3079,1.3237,1.3325,0.7766,0.8305,0.753,0.7806,0.8313,0.8141,1.3431,1.3661,1.2911,1.3059,1.3202,1.3119,1.311,1.307,1.3409,1.3326,1.3182,1.2783,0.7838,0.7838,F,1.3501,1.3747,1.3865,1.3618,1.2927,1.332,1.3223,1.3273,1.2998,1.2923,0.7358,0.1648,1.315,1.3467,0.774,0.784,F,1.3772,F,1.3054,1.2947,1.2963,1.3319,1.3263,1.2946,1.2938,1.2865,0.7306,0.754,0.786,0.7923,F,0.7871,0.9102,1.3546,F,F,1.3292,1.279,1.3409,1.3212,1.2835,1.3092,1.2834,0.7627,0.7717,0.7776,0.7486,F,F,F,1.3188,1.3425,1.3277,1.3156,1.2574,1.3177,1.3029,1.2728,1.2774,1.2738,0.7578,0.7406,0.7564,0.7586,0.7948,F,F,1.3277,1.3206,1.3111,1.2595,1.2576,1.2764,1.3039,1.2887,1.2837,1.2935,1.3138,1.3124,0.7711,0.7238,0.831,0.8085,1.3865,1.313,1.3141,1.2706,1.2868,1.2744,1.2991,1.28,1.2851,1.2825,1.276,0.7561,0.8088,0.7503,0.7982,0.8091,0.8134,1.3615,1.3206,1.3063,1.2947,1.294,1.2836,1.277,1.3129,1.3111,1.2766,1.2858,0.7701,0.7815,0.7527,0.7896,0.7897,1.3592,1.3103,1.3082,1.3063,1.3305,1.3193,1.3004,1.3281,1.2786,1.25,1.2711,1.2829,0.9007,0.7342,0.7711,0.7368,F,0.1245,1.3203,1.2871,1.2754,1.314,1.2991,1.2816,1.2661,1.2902,1.2435,1.2821,1.2947,0.7646,0.7463,0.7899,0.8306,F,0.2298,1.3183,1.3034,1.3142,1.3312,1.3008,1.2696,1.2616,1.2599,1.2607,1.3046,1.2855,1.3506,0.1715,0.8105,0.839,0.8202,1.3272,1.3051,1.3,1.3262,1.3042,1.3016,1.3012,1.2985,1.2999,1.2939,1.3034,1.3058,1.3256,0.1435,0.7906,0.8274,0.735,1.3523,1.3167,1.2956,1.2978,1.3162,1.318,1.3169,1.2896,1.2941,1.2892,1.3201,1.3063
MOD17A3HGF.A2006001.h10v09.006.2021059051210.Npp_500m,MOD17A3HGF,A2006001,Lat-3.834436Lon-73.31897Samp17Line17,2021059051210,1.3967,1.3291,F,0.7397,0.6994,0.6707,0.737,F,F,F,F,F,1.3619,1.3467,1.3465,1.3291,1.3241,1.357,1.4021,F,0.7118,0.7249,0.687,0.9017,0.6834,0.693,0.6844,0.849,1.2943,1.3651,1.3331,1.346,1.3505,1.2846,1.3498,1.3683,F,0.6904,0.7251,1.3478,1.334,0.37,0.704,0.6758,1.324,1.3138,1.326,1.3112,1.3306,1.3364,1.3184,1.318,1.3061,1.3071,0.709,0.718,0.7513,0.7172,0.7493,0.7475,1.2789,1.3219,1.3214,1.3278,1.3155,1.3234,1.3435,1.3384,1.2733,1.3371,1.3083,0.7801,0.77,0.7709,0.7414,0.7782,0.7202,1.3081,1.3117,1.313,1.3311,1.3306,1.3216,1.3407,1.3136,1.2965,1.318,1.3092,1.3555,0.7422,0.6914,F,1.3799,1.3684,1.352,1.3123,1.316,1.3314,1.3228,1.3276,1.3314,1.309,0.7034,0.3916,1.3647,1.3521,0.715,0.7429,F,1.3837,F,1.2718,1.3117,1.3239,1.323,1.3215,1.3217,1.3073,1.3306,0.7338,0.7184,0.7091,0.7414,F,0.75,0.9185,1.3646,F,F,1.3029,1.2952,1.32,1.3669,1.3473,1.3461,1.3249,0.7081,0.7095,0.7243,0.7261,F,F,F,1.3685,1.3634,1.3745,1.3035,1.3043,1.3515,1.3537,1.2871,1.3474,1.3258,0.7009,0.7106,0.7298,0.7026,0.7488,F,F,1.3588,1.3418,1.3394,1.3371,1.3502,1.3666,1.3111,1.3107,1.3332,1.3454,1.3184,1.3365,0.6898,0.666,0.8097,0.7686,1.342,1.3287,1.3347,1.3281,1.332,1.315,1.326,1.3495,1.322,1.302,1.2948,0.7246,0.7219,0.7132,0.7198,0.7588,0.7542,1.3449,1.3479,1.3029,1.2909,1.3476,1.3239,1.3454,1.3477,1.3171,1.3303,1.3191,0.7015,0.7298,0.7383,0.6894,0.703,1.3326,1.3683,1.3396,1.318,1.3146,1.3334,1.341,1.3362,1.3139,1.307,1.3211,1.3261,0.9883,0.6986,0.7402,0.7404,F,0.2195,1.3092,1.2847,1.3076,1.3009,1.3458,1.3329,1.3615,1.3205,1.3149,1.304,1.3256,0.765,0.7368,0.7603,0.861,F,0.3949,1.2921,1.2627,1.3412,1.3017,1.3114,1.3012,1.3042,1.3099,1.2947,1.2947,1.3111,1.3765,0.2731,0.6774,0.7369,0.7674,1.3539,1.3257,1.3092,1.3207,1.3648,1.315,1.2993,1.2952,1.3069,1.3031,1.3204,1.3147,1.3333,0.4118,0.6889,0.7232,0.7768,1.3188,1.3574,1.3171,1.3216,1.3274,1.3483,1.3,1.3129,1.3165,1.3012,1.3196,1.3244
MOD17A3HGF.A2007001.h10v09.006.2021089150606.Npp_500m,MOD17A3HGF,A2007001,Lat-3.834436Lon-73.31897Samp17Line17,2021089150606,1.2374,1.258,F,0.6894,0.675,0.6846,0.6857,F,F,F,F,F,1.2728,1.2488,1.2482,1.2392,1.2339,1.2246,1.2473,F,0.6938,0.6764,0.654,0.9509,0.725,0.6678,0.7329,0.7844,1.2622,1.2376,1.2041,1.2632,1.2564,1.2343,1.2496,1.2161,F,0.7074,0.6673,1.2704,0.1899,0.255,0.7407,0.7216,1.2297,1.2398,1.2481,1.2417,1.2341,1.2235,1.2204,1.2326,1.1953,1.2666,0.6497,0.6265,0.641,0.6746,0.6899,0.6957,1.259,1.2467,1.254,1.2368,1.2309,1.2128,1.2355,1.2105,1.2554,1.2678,1.2501,0.6698,0.6418,0.6657,0.6498,0.7006,0.6873,1.2214,1.2165,1.2337,1.2445,1.2292,1.2236,1.2324,1.2241,1.2714,1.2553,1.1756,1.2221,0.6609,0.64,F,1.2239,1.2453,1.2401,1.2499,1.2271,1.2079,1.2354,1.2716,1.2033,1.2147,0.6692,0.2753,1.1404,1.2279,0.6629,0.6709,F,1.1772,F,1.2598,1.2161,1.2321,1.2293,1.2192,1.2552,1.2466,1.2603,0.6982,0.675,0.603,0.6175,F,0.6986,0.8765,1.2664,F,F,1.1999,1.2383,1.2585,1.2328,1.2446,1.2487,1.2377,0.6986,0.6666,0.6429,0.6461,F,F,F,1.2414,1.2675,1.2881,1.2125,1.2527,1.2807,1.2736,1.2638,1.2127,1.209,0.6779,0.6632,0.6921,0.7012,0.6817,F,F,1.2538,1.2795,1.2743,1.2489,1.2513,1.2043,1.2626,1.2507,1.2615,1.2258,1.2416,1.2546,0.7022,0.707,0.8039,0.6938,1.2392,1.2547,1.2354,1.2408,1.2349,1.2475,1.2781,1.2436,1.154,1.1129,1.2144,0.676,0.6489,0.6885,0.7298,0.714,0.7062,1.2407,1.2411,1.1926,1.2211,1.2491,1.2481,1.2237,1.2393,1.0868,1.0923,1.2015,0.6714,0.7277,0.7168,0.7,0.721,1.2323,1.2252,1.2479,1.259,1.2541,1.2411,1.2462,1.2225,1.1849,1.194,1.1975,1.1993,0.8783,0.7094,0.6874,0.7047,F,0.1139,1.2196,1.2243,1.2229,1.2406,1.2561,1.2432,1.2185,1.1891,1.1834,1.2196,1.1997,0.711,0.7778,0.6857,0.8298,F,0.1607,1.153,1.2047,1.1999,1.2296,1.2639,1.2294,1.187,1.1966,1.1953,1.1964,1.1931,1.224,0.0897,0.7224,0.7304,0.7426,1.2472,1.1517,1.2157,1.2206,1.2399,1.2501,1.1962,1.1885,1.1775,1.1944,1.1952,1.1209,1.2775,0.0054,0.7302,0.7066,0.7002,1.2241,1.2141,1.2161,1.1971,1.2991,1.2878,1.2224,1.2015,1.2005,1.188,1.1924,1.2129
MOD17A3HGF.A2008001.h10v09.006.2021148151411.Npp_500m,MOD17A3HGF,A2008001,Lat-3.834436Lon-73.31897Samp17Line17,2021148151411,1.1825,1.1461,F,0.6396,0.655,0.6474,0.636,F,F,F,F,F,1.1566,1.1009,1.0685,1.0829,1.0921,1.1415,1.1499,F,0.6527,0.6429,0.649,0.813,0.6312,0.6829,0.6526,0.8178,1.1287,1.1359,1.1191,1.1085,1.0569,1.0813,1.1499,1.136,F,0.6586,0.6035,1.1141,0.1459,0.1515,0.6424,0.6404,1.1003,1.1004,1.0922,1.101,1.0956,1.0945,1.1355,1.1811,1.18,1.1572,0.5819,0.561,0.5715,0.5844,0.629,0.6251,1.1255,1.1288,1.0742,1.1074,1.0871,1.0866,1.1232,1.1103,1.1355,1.1598,1.0857,0.5968,0.6543,0.7069,0.6531,0.6142,0.5955,1.0972,1.0865,1.0865,1.0955,1.1059,1.1036,1.1214,1.109,1.098,1.1129,1.0335,1.0124,0.6138,0.6602,F,1.1295,1.1136,1.1035,1.1065,1.0763,1.0841,1.1313,1.1365,1.1183,1.0875,0.6539,0.108,1.0385,1.027,0.6139,0.6095,F,0.9919,F,1.0825,1.1589,1.064,1.0906,1.0965,1.0901,1.0704,1.0825,0.6527,0.6008,0.5983,0.5686,F,0.5848,0.8173,1.051,F,F,1.1504,1.0668,1.0653,1.0951,1.1121,1.1186,1.1098,0.6471,0.6381,0.6008,0.6409,F,F,F,1.0958,1.1061,1.1336,1.1353,1.1428,1.119,1.1083,1.1115,1.1051,1.1006,0.5999,0.5615,0.6395,0.655,0.6362,F,F,1.1022,1.1149,1.1021,1.1076,1.1285,1.1129,1.0998,1.0684,1.0922,1.102,1.1211,1.028,0.6342,0.6396,0.7183,0.62,1.1326,1.1068,1.0884,1.087,1.0867,1.1198,1.1134,1.0932,1.0966,1.0758,1.0804,0.6532,0.6254,0.6746,0.6074,0.6554,0.6258,1.1386,1.1163,1.0874,1.0955,1.0826,1.0913,1.0763,1.0784,1.0537,1.076,1.0806,0.6488,0.6719,0.6252,0.6245,0.6353,1.0879,1.077,1.0718,1.0829,1.128,1.1237,1.096,1.1168,1.0643,1.0928,1.076,1.0783,0.8884,0.571,0.5697,0.6893,F,F,1.0791,1.1042,1.1052,1.1018,1.0869,1.0732,1.0688,1.0943,1.061,1.0679,1.0292,0.6083,0.6205,0.5821,0.7079,F,F,1.0664,1.0458,1.0771,1.0955,1.0789,1.0909,1.0865,1.1008,1.1233,1.0481,1.0807,1.0863,0.2892,0.5529,0.7006,0.6889,1.0813,1.0703,1.0436,1.1235,1.1194,1.0798,1.0905,1.0889,1.0809,1.1056,1.0636,1.0764,1.113,0.0631,0.601,0.6289,0.6693,1.1206,1.0785,1.0546,1.1226,1.1052,1.1153,1.0685,1.1551,1.0814,1.076,1.0773,1.084
MOD17A3HGF.A2009001.h10v09.006.2021156235320.Npp_500m,MOD17A3HGF,A2009001,Lat-3.834436Lon-73.31897Samp17Line17,2021156235320,1.0557,1.0746,F,0.621,0.5606,0.54,0.5296,F,F,F,F,F,0.9492,0.8662,0.8709,1.0093,0.9439,1.0396,1.0992,F,0.5892,0.5622,0.5137,0.7503,0.5462,0.561,0.5728,0.7225,0.9682,0.961,0.9928,1.0088,0.9084,0.9033,1.0682,1.0717,F,0.5943,0.5557,0.946,F,0.0394,0.5734,0.555,1.0019,0.8955,0.9695,0.9422,1.0337,0.9933,0.9902,1.0417,1.0427,1.0578,0.5771,0.5466,0.5134,0.5804,0.5569,0.591,0.9655,0.9794,0.9362,0.9509,0.9484,0.9813,0.9735,1.0064,1.0693,1.0396,1.0194,0.5716,0.5571,0.5518,0.5762,0.6102,0.5794,0.9832,0.9535,0.9612,0.9759,0.9842,0.9939,1.0044,1.0453,1.0361,1.0208,1.0239,1.0068,0.5869,0.562,F,1.0103,0.9572,0.9831,0.9139,0.9575,0.9256,1.0122,1.0401,1.0345,1.0037,0.5384,0.1374,1.0402,1.0329,0.5486,0.5802,F,1.023,F,0.9583,0.9377,0.8845,1.0191,1.0178,0.9888,1.0055,0.991,0.5794,0.5762,0.5296,0.5542,F,0.5894,0.756,1.0328,F,F,0.9203,0.8643,0.9964,1.0021,1.0099,0.9931,0.993,0.5563,0.5596,0.5856,0.5922,F,F,F,1.0059,0.9907,1.0363,0.955,0.9232,0.9448,1.0316,0.9691,0.9827,0.8813,0.5178,0.55,0.5598,0.5967,0.5254,F,F,0.9913,0.958,0.9562,1.0099,1.0076,1.0347,0.9842,0.8811,0.9002,0.9734,1.0032,1.0175,0.4397,0.5704,0.7076,0.6135,0.9789,0.9839,0.9784,0.7795,0.9227,1.0522,1.0359,1.0218,1.0282,1.0318,0.9839,0.4161,0.525,0.5298,0.587,0.5833,0.5658,0.95,1.0086,0.9566,0.9802,1.0043,1.0374,1.0348,0.9991,0.9796,0.9805,0.9773,0.5773,0.5334,0.5466,0.5372,0.5667,0.956,0.9501,0.9935,0.9842,1.0161,1.0247,1.023,1.0337,0.9776,1.0165,0.9905,0.9689,0.7309,0.6347,0.597,0.6135,F,F,0.9762,0.9638,0.9487,1.0208,1.042,1.0245,0.9959,1.0018,0.9933,0.9727,0.9719,0.5016,0.5817,0.5952,0.6726,F,F,0.9698,0.9782,0.979,1.0011,1.0411,1.0073,0.9902,0.9643,0.982,0.9618,1.0178,0.9874,F,0.5898,0.6033,0.616,0.9625,0.954,0.9708,0.9854,1.001,0.9875,1.0199,1.0059,1.0335,0.9672,0.9862,1.0337,1.0135,F,0.5622,0.5569,0.6358,0.9619,0.935,0.9793,1.0066,1.0168,1.0133,0.9823,0.9558,0.9527,0.9734,0.9282,0.9766
MOD17A3HGF.A2010001.h10v09.006.2021186014333.Npp_500m,MOD17A3HGF,A2010001,Lat-3.834436Lon-73.31897Samp17Line17,2021186014333,1.0443,1.0276,F,0.5974,0.584,0.557,0.5435,F,F,F,F,F,0.9998,1.0011,0.9879,0.9506,0.9679,1.0147,1.0227,F,0.5926,0.5547,0.4962,0.7607,0.5474,0.5284,0.5332,0.6861,0.9841,0.9964,0.9742,0.9863,0.992,0.9752,1.0369,1.023,F,0.5781,0.5534,0.9846,F,0.0527,0.537,0.5211,1.0045,1.0116,0.9381,0.9524,0.9824,0.9989,0.9785,1.0214,1.0097,1.0021,0.5605,0.5708,0.537,0.5757,0.5516,0.5602,1.0009,1.0034,0.9916,1.0038,0.9896,0.9926,0.9838,0.9706,0.9991,1.0054,0.9995,0.5719,0.577,0.575,0.5751,0.6026,0.5732,0.9496,0.9704,1.0009,0.9846,1.0017,0.986,0.9993,0.952,1.0371,0.9925,1.0164,1.0075,0.5298,0.5878,F,1.0351,1.0386,0.9916,0.986,0.9852,0.9717,0.9849,1.0136,0.9874,0.9683,0.5782,0.1322,1.0114,1.028,0.5548,0.5948,F,1.0244,F,1.0017,0.9958,0.9801,1.0053,0.9756,0.9827,1.0028,0.9961,0.5946,0.5645,0.5458,0.5762,F,0.556,0.7058,1.0405,F,F,0.9846,0.9445,0.9656,0.9551,0.9839,0.9892,0.9499,0.5381,0.5607,0.5658,0.5902,F,F,F,1.003,0.9984,1.0014,0.9874,0.9254,0.9505,0.9922,0.9329,0.9544,0.9764,0.5046,0.5384,0.5334,0.5866,0.5946,F,F,1.0389,1.002,1.0188,0.9545,0.9694,0.9772,0.9777,0.9217,0.9684,0.9898,0.9997,0.9864,0.5282,0.5582,0.6802,0.6134,1.0596,1.0063,1.0023,0.9834,0.9858,0.9672,0.9837,0.9705,0.9616,0.9473,0.9699,0.4425,0.5541,0.5643,0.579,0.5553,0.5216,1.0227,1.0018,0.9872,0.9745,0.963,1.011,0.9965,0.9966,0.9878,0.982,1.0038,0.5174,0.6119,0.5758,0.5584,0.5943,0.9856,1.0046,0.9886,1.0155,0.9955,0.9994,0.9973,0.9785,0.9666,0.9917,1.017,1.0052,0.7638,0.5938,0.5901,0.599,F,0.0297,0.9963,0.9834,1.0016,0.9983,0.9694,0.9819,0.9692,0.9769,0.9903,0.9756,0.9533,0.5901,0.5411,0.6072,0.7202,F,F,0.9814,0.974,0.9797,0.9697,0.9926,0.9889,0.9837,0.975,0.9669,0.9862,1.0081,0.9989,F,0.6458,0.6218,0.5965,0.9933,0.994,0.9156,0.9412,0.9393,0.9312,0.9536,0.9588,1.0015,0.9606,0.9661,0.9436,0.9968,0.0337,0.5829,0.5417,0.5441,1.0042,0.9782,0.9376,0.9407,1.0095,1.0087,0.9205,0.9419,0.97,0.9721,0.9525,0.9852
MOD17A3HGF.A2011001.h10v09.006.2021213172816.Npp_500m,MOD17A3HGF,A2011001,Lat-3.834436Lon-73.31897Samp17Line17,2021213172816,1.0185,0.9974,F,0.5495,0.5638,0.5749,0.5111,F,F,F,F,F,0.9963,0.9726,1.0135,0.9856,0.963,1.0332,1.0175,F,0.5528,0.5421,0.5361,0.7412,0.5335,0.4972,0.5099,0.6334,0.8663,0.945,0.9947,0.9952,0.9786,0.9649,0.9773,1.0338,F,0.52,0.4874,0.9762,F,0.058,0.5062,0.4946,0.8909,0.9431,1.0084,1.0039,0.9691,0.9346,0.9534,1.0097,0.9743,0.9908,0.5141,0.5567,0.5095,0.5349,0.521,0.54,0.977,0.9618,0.9068,0.9743,0.9795,1.001,0.9711,0.9988,0.9906,0.9367,0.948,0.5431,0.5308,0.5397,0.555,0.5548,0.5198,0.9213,0.9625,0.934,0.9437,0.9739,0.9733,0.9155,0.9473,0.9394,0.9499,0.9761,0.9543,0.5058,0.5487,F,0.9819,0.999,0.9397,0.933,0.9441,0.94,1.0117,0.9656,0.9686,0.9646,0.5366,F,0.937,0.9583,0.5214,0.5517,F,0.9878,F,0.9862,0.974,0.9613,0.9881,1.0003,0.9934,0.9272,0.9535,0.5597,0.5243,0.5381,0.5042,F,0.557,0.6588,0.9475,F,F,0.9936,0.9454,1.0019,0.9961,0.9708,0.9535,0.9495,0.5409,0.5473,0.5274,0.5175,F,F,F,0.9946,0.9519,1.013,0.986,0.9877,0.9968,1.0068,1.0035,0.9223,0.9306,0.5051,0.5481,0.5422,0.5391,0.5313,F,F,0.9769,0.9551,0.9514,0.9738,0.9737,0.9874,1.0004,0.9771,0.9516,0.9855,0.9492,0.9385,0.5265,0.5636,0.6234,0.5616,0.9327,0.9455,0.9428,0.9734,0.9448,0.9457,0.9526,0.9096,0.8943,0.9264,1.0046,0.4904,0.4974,0.5088,0.5998,0.5729,0.572,0.9161,0.9935,0.9607,0.9541,0.9609,0.9431,0.9027,0.9284,0.9295,0.9286,0.9447,0.5563,0.5556,0.5208,0.5289,0.5668,0.9401,0.9402,0.9159,0.94,0.9367,0.9508,0.9351,0.9531,0.9368,0.9364,0.967,0.9654,0.718,0.5545,0.553,0.5459,F,0.0026,0.9695,0.9391,0.9407,0.9149,0.9227,0.9221,0.9367,0.94,0.9331,0.9335,0.9217,0.477,0.5258,0.5549,0.6735,F,F,0.977,0.927,0.9452,0.9564,0.9568,0.9343,0.9391,0.9238,0.913,0.9207,0.934,0.9599,F,0.5935,0.4947,0.5882,0.987,0.9203,0.9201,0.9291,0.9354,0.9391,0.9551,0.9093,0.9185,0.9077,0.9112,0.92,0.9518,F,0.5246,0.5026,0.6462,0.9348,0.9063,0.9362,0.9226,0.9206,0.9142,0.9406,0.9357,0.9534,0.9627,0.9456,0.9564
MOD17A3HGF.A2012001.h10v09.006.2021244153602.Npp_500m,MOD17A3HGF,A2012001,Lat-3.834436Lon-73.31897Samp17Line17,2021244153602,1.0708,1.0277,F,0.6543,0.6167,0.6058,0.6141,F,F,F,F,F,1.1287,1.1437,1.1181,1.1073,1.0994,1.1089,1.1075,F,0.6575,0.5896,0.5902,0.8486,0.6362,0.6286,0.6265,0.7442,1.0333,0.9681,1.0493,1.0267,1.0276,1.0051,1.1503,1.1633,F,0.6443,0.5082,1.0304,F,0.0755,0.654,0.6279,1.0327,1.0712,1.041,1.0837,1.0837,1.0837,1.0606,1.1231,1.1168,1.105,0.6572,0.6022,0.5453,0.6051,0.636,0.6774,1.0254,1.0353,1.0774,1.0638,1.0752,1.0561,1.0791,0.9962,1.1028,1.0607,1.0598,0.6634,0.6605,0.6457,0.6617,0.655,0.647,1.0505,1.0644,1.0895,1.0545,1.0829,1.0263,1.0223,1.0158,1.0856,1.0641,1.0498,1.0629,0.6365,0.6838,F,1.0951,1.0863,1.0921,1.0749,1.019,1.0651,1.0802,1.0201,1.045,1.0388,0.6812,0.0337,1.0394,1.0403,0.627,0.6234,F,1.1233,F,1.1105,1.0482,1.0485,1.0906,1.095,1.0306,1.004,1.0036,0.6598,0.6788,0.6389,0.657,F,0.6353,0.6918,1.11,F,F,1.0908,1.0481,1.0863,1.0881,1.0363,1.0125,1.0413,0.6209,0.6709,0.6432,0.6548,F,F,F,1.0848,1.0735,1.1312,1.0907,1.0875,1.0818,1.0925,1.0457,1.0184,1.0542,0.5188,0.5894,0.6414,0.6348,0.6499,F,F,1.0755,1.0294,1.0824,1.0178,1.0756,1.0715,1.0582,1.0531,1.0436,1.0213,1.0384,1.0573,0.5915,0.6634,0.761,0.6592,1.0606,1.0519,1.0657,1.0676,1.0746,1.096,1.0698,1.0247,1.0068,1.0337,1.0109,0.6278,0.6165,0.6283,0.6278,0.6267,0.6491,1.0686,1.042,1.0808,1.0479,1.084,1.077,1.0276,1.0122,1.0173,1.0842,1.0239,0.6285,0.6423,0.6318,0.619,0.678,1.0359,1.049,1.0313,1.0458,1.0895,1.1019,1.0749,1.0462,1.0258,1.02,1.0525,1.0434,0.8202,0.6245,0.6324,0.6029,F,F,1.0273,1.0456,0.9968,1.0788,1.0773,1.0571,1.0586,1.0291,1.0301,1.0583,1.0799,0.615,0.6216,0.6155,0.7438,F,F,0.9918,1.0081,1.0404,1.0508,1.0392,1.0256,1.0508,1.0078,1.0059,1.0258,1.0621,1.0085,0.0576,0.6075,0.6188,0.6605,1.0647,1.0253,1.0272,1.0427,1.0426,1.0559,1.0404,1.0635,1.0197,1.0212,1.0258,1.0594,1.0219,F,0.5126,0.5948,0.6686,1.0521,1.0127,0.9939,1.053,1.0677,1.0808,1.0266,1.0402,1.035,1.039,1.0198,1.0423
MOD17A3HGF.A2013001.h10v09.006.2021324233043.Npp_500m,MOD17A3HGF,A2013001,Lat-3.834436Lon-73.31897Samp17Line17,2021324233043,1.0109,1.0195,F,0.57,0.508,0.4927,0.489,F,F,F,F,F,1.0505,1.0327,0.9779,0.9636,0.9882,1.0542,1.0392,F,0.5697,0.5202,0.4862,0.7909,0.5382,0.5366,0.5496,0.6685,1.0234,0.9865,0.9584,0.9504,0.9648,0.9888,1.0217,1.0541,F,0.5402,0.4234,1.0045,0.0056,F,0.571,0.5357,0.9757,0.9541,0.976,0.9676,0.99,0.9708,0.991,1.0346,1.0359,1.0637,0.5318,0.5108,0.4996,0.529,0.4798,0.5116,1.0427,0.9502,0.9643,0.9384,0.9793,0.986,0.9827,0.9584,1.023,1.0335,1.0182,0.5344,0.5326,0.533,0.5251,0.5473,0.5114,1.0089,1.0121,1.0222,0.9952,1.0087,1.0087,0.9692,0.9546,1.0298,0.9823,0.985,1.025,0.5461,0.5661,F,1.0479,1.0203,0.9853,1.0188,1.0091,0.9348,0.9359,0.9715,0.9657,0.9895,0.5623,F,1.0108,1.0102,0.5554,0.5687,F,1.1126,F,1.0163,1.0229,0.9848,0.9849,0.9844,1.0047,0.9588,0.9576,0.5318,0.5566,0.5586,0.5524,F,0.5714,0.7054,1.0935,F,F,0.9518,0.9901,0.9822,1.004,0.994,0.9682,0.951,0.4967,0.5645,0.5799,0.5768,F,F,F,1.0582,1.0658,1.0054,0.9126,0.9814,0.9837,0.9858,0.968,0.9721,0.9838,0.4593,0.5318,0.5733,0.5664,0.5553,F,F,1.0595,1.0418,1.0032,0.9991,1.0204,1.0292,1.0252,1.0131,0.9867,0.9975,1.0356,1.0174,0.5605,0.5639,0.637,0.561,1.029,1.0172,0.9651,1.0211,0.9933,0.9821,0.9985,1.0209,1.0098,0.9838,0.9819,0.5108,0.5334,0.529,0.5628,0.5611,0.579,0.9959,1.018,1.0277,1.029,1.0163,1.0157,0.9616,0.979,1.0039,1.0083,0.972,0.5181,0.5352,0.5554,0.5497,0.573,1.0117,1.0071,0.9991,1.015,1.0079,1.0307,1.0013,0.9719,1.0072,1.0057,0.9913,0.9767,0.7399,0.5096,0.5183,0.5756,F,0.0228,1.004,0.9605,0.9807,0.9963,1.0172,1.001,0.9737,0.9569,1.0034,1.0152,0.9914,0.5118,0.5523,0.5838,0.6777,F,F,0.9873,0.9516,0.9628,0.9656,0.9696,0.9826,0.9668,0.9601,0.9668,0.9049,0.9444,0.9535,F,0.5801,0.5874,0.5658,0.9846,1.027,0.9835,1.0045,1.003,1.0154,0.9574,0.9733,0.9713,0.9878,0.9487,0.9632,0.9714,F,0.5612,0.5822,0.5738,0.9835,0.9968,0.9815,1.0006,0.9993,0.9606,0.9963,1.0282,0.9412,1.0004,0.9628,0.9821
MOD17A3HGF.A2014001.h10v09.006.2022078231036.Npp_500m,MOD17A3HGF,A2014001,Lat-3.834436Lon-73.31897Samp17Line17,2022078231036,1.0753,0.9946,F,0.5694,0.5749,0.5857,0.6024,F,F,F,F,F,1.0961,1.1322,1.1289,1.1018,1.0791,1.0996,1.1038,F,0.557,0.5381,0.5384,0.811,0.6398,0.6285,0.6107,0.7322,1.0932,1.1019,1.1486,1.1531,1.0653,1.0672,1.0893,1.144,F,0.5657,0.537,1.077,0.0676,0.1115,0.6042,0.5913,1.0665,1.0523,1.0948,1.1049,1.1274,1.0882,1.1114,1.1076,1.1337,1.0965,0.5934,0.5996,0.5472,0.563,0.6016,0.6206,1.0983,1.087,1.1132,1.045,1.0616,1.0999,1.1484,1.099,1.1034,1.0979,1.0959,0.6441,0.615,0.6353,0.6007,0.6392,0.5777,1.1043,1.1127,1.1059,1.1278,1.1123,1.0701,1.0786,1.1202,1.1436,1.1144,1.0791,1.0831,0.5888,0.6332,F,1.0986,1.0893,1.1237,1.0905,1.0791,1.1009,1.1175,1.126,1.1223,1.0801,0.5841,0.0151,1.0791,1.1009,0.5886,0.6339,F,1.1477,F,1.1099,1.0933,1.0981,1.0759,1.1331,1.1066,1.1312,1.1126,0.5988,0.584,0.5899,0.6578,F,0.6469,0.7014,1.1054,F,F,1.1271,1.0954,1.0855,1.121,1.1202,1.1449,1.1236,0.5962,0.5913,0.5968,0.6631,F,F,F,1.1297,1.0624,1.114,1.1502,1.0837,1.1147,1.1134,1.1074,1.0954,1.0544,0.5919,0.5954,0.6582,0.6429,0.6243,F,F,1.0877,1.0584,1.112,1.1359,1.1191,1.1009,1.0994,1.1028,0.9966,1.0281,1.085,1.074,0.607,0.6113,0.6522,0.6018,1.1277,1.0966,1.1059,1.0528,1.055,1.0451,1.0919,1.0736,1.0602,1.0834,1.0545,0.5732,0.5926,0.6161,0.6446,0.6528,0.6246,1.0651,1.0993,1.0425,1.0394,1.0199,1.0587,1.0475,1.0734,1.0803,1.13,1.1396,0.653,0.6437,0.6598,0.6668,0.6476,1.1034,1.0666,1.0755,1.0431,1.027,1.1005,1.0955,1.0961,1.0841,1.0688,1.0982,1.1125,0.7828,0.6283,0.6305,0.635,F,0.022,1.037,1.077,1.0332,1.0867,1.114,1.091,1.1534,1.1056,1.0923,1.0894,1.1056,0.5702,0.6375,0.6382,0.7267,F,F,1.0491,1.0339,1.0387,1.1244,1.0631,1.0707,1.0439,1.0927,1.1352,1.0922,1.1167,1.0721,0.0796,0.6405,0.6656,0.6632,1.0716,1.043,1.0169,1.08,1.1043,1.0331,1.0392,1.0251,1.0678,1.0908,1.0945,1.1308,1.0743,0.0486,0.5977,0.5818,0.6694,1.0506,1.0286,1.0225,1.0123,1.1021,1.0353,1.0312,1.135,1.1382,1.0749,1.0598,1.097
MOD17A3HGF.A2015001.h10v09.006.2021351184100.Npp_500m,MOD17A3HGF,A2015001,Lat-3.834436Lon-73.31897Samp17Line17,2021351184100,1.1496,1.0807,F,0.6058,0.6144,0.6904,0.6505,F,F,F,F,F,1.1222,1.148,1.1286,1.109,1.1008,1.1755,1.2146,F,0.6786,0.6006,0.6422,0.8778,0.5886,0.5836,0.5876,0.763,1.0912,1.1111,1.1037,1.1198,1.1056,1.0948,1.1596,1.1537,F,0.611,0.583,1.1042,0.0131,0.0403,0.62,0.6326,1.1322,1.1483,1.103,1.1324,1.1233,1.1071,1.1191,1.1671,1.1724,1.1422,0.618,0.5969,0.5965,0.6224,0.6313,0.6537,1.1156,1.1078,1.0635,1.1071,1.1196,1.1265,1.1136,1.1274,1.1261,1.1113,1.1161,0.5834,0.665,0.6373,0.6242,0.6478,0.6424,1.0921,1.1371,1.0668,1.0885,1.0977,1.0926,1.0887,1.0737,1.1799,1.1394,1.1103,1.114,0.5886,0.6298,F,1.1458,1.1114,1.0876,1.0653,1.0891,1.079,1.109,1.1104,1.0759,1.0668,0.5953,0.1592,1.0752,1.0744,0.5912,0.5978,F,1.1795,F,1.1283,1.0947,1.0854,1.0943,1.1037,1.0893,1.0841,1.0611,0.5902,0.6114,0.6025,0.5686,F,0.5506,0.7538,1.122,F,F,1.1484,1.1218,1.1074,1.1234,1.1318,1.0637,1.0784,0.5411,0.569,0.592,0.5864,F,F,F,1.1041,1.1744,1.1468,1.1189,1.115,1.1336,1.1181,1.0786,1.0981,1.0848,0.5138,0.5685,0.5686,0.5465,0.5812,F,F,1.0801,1.1429,1.1375,1.1478,1.1083,1.1054,1.0791,1.0804,1.0913,1.0754,1.1547,1.1414,0.5018,0.5719,0.6936,0.6694,1.1398,1.1358,1.1273,1.1325,1.1444,1.1218,1.2031,1.0837,1.1688,1.0576,1.1011,0.5622,0.5465,0.5546,0.5703,0.5448,0.7534,1.1111,1.1163,1.1134,1.0951,1.0969,1.1135,1.1147,1.0817,1.1098,1.1366,1.068,0.5346,0.5819,0.5942,0.539,0.5802,1.111,1.1193,1.0882,1.0823,1.0851,1.1052,1.1397,1.1279,1.0718,1.1064,1.107,1.1115,0.7834,0.5838,0.5971,0.6007,F,0.0094,1.0862,1.07,1.0852,1.1564,1.1391,1.126,1.1373,1.0909,1.1178,1.1262,1.1131,0.5313,0.5575,0.6086,0.6942,F,0.0504,1.0652,1.0598,1.0657,1.1541,1.0741,1.1702,1.1333,1.1352,1.1255,1.0914,1.114,1.109,0.1514,0.625,0.579,0.5773,1.1348,1.049,1.0776,1.0621,1.0917,1.102,1.1526,1.128,1.1255,1.087,1.1533,1.1419,1.0911,0.0346,0.6017,0.5905,0.6021,1.1221,1.0542,1.101,1.0826,1.0905,1.0853,1.1206,1.1124,1.1647,1.1295,1.0916,1.1065
MOD17A3HGF.A2016001.h10v09.006.2022003081739.Npp_500m,MOD17A3HGF,A2016001,Lat-3.834436Lon-73.31897Samp17Line17,2022003081739,1.0645,1.0671,F,0.6281,0.5785,0.5768,0.593,F,F,F,F,F,1.0174,1.0643,1.0671,1.0741,1.0357,1.0954,1.0726,F,0.6232,0.595,0.5618,0.8258,0.5671,0.5786,0.5314,0.6618,1.0807,1.0713,1.0514,1.0354,1.1026,1.0411,1.1155,1.1393,F,0.621,0.5838,1.0778,0.0522,0.0294,0.6131,0.5646,1.149,1.0775,1.0803,1.094,1.0422,1.1011,1.0701,1.0984,1.1532,1.1107,0.6178,0.6286,0.5986,0.6186,0.6168,0.6214,1.0923,1.0905,1.0788,1.0874,1.0835,1.0894,1.0842,1.0451,1.1552,1.1386,1.1088,0.6166,0.6025,0.6181,0.6133,0.6206,0.6114,1.0788,1.0634,1.0884,1.0785,1.0993,1.1151,1.0986,1.0951,1.0899,1.091,1.0453,1.074,0.578,0.6661,F,1.117,1.1043,1.1016,1.089,1.1071,1.0774,1.0951,1.0951,1.0842,1.0931,0.6318,0.0838,1.0902,1.0732,0.6562,0.6566,F,1.1428,F,1.1239,1.0941,1.0905,1.1197,1.1158,1.1068,1.1125,1.1055,0.6451,0.6203,0.6191,0.6327,F,0.629,0.7071,1.0629,F,F,1.0778,1.0493,1.1028,1.113,1.1054,1.1048,1.1174,0.5915,0.6195,0.6017,0.6175,F,F,F,1.1047,1.1101,1.1081,1.0896,1.0393,1.0977,1.1054,1.1638,1.151,1.111,0.5194,0.5419,0.603,0.6268,0.6282,F,F,1.113,1.0969,1.0912,1.0803,1.0694,1.1175,1.1136,1.1316,1.1416,1.0946,1.0811,1.057,0.579,0.5758,0.6822,0.6105,1.117,1.1011,1.0774,1.1217,1.1384,1.1012,1.1203,1.1455,1.0929,1.1379,1.1213,0.6007,0.5133,0.5888,0.6618,0.6536,0.621,1.07,1.0982,1.0383,1.1031,1.0744,1.0573,1.0347,1.0918,1.1021,1.089,1.061,0.5777,0.6494,0.6428,0.6729,0.6725,1.098,1.1158,1.1022,1.062,1.1013,1.1435,1.1152,1.1019,1.1023,1.0771,1.0954,1.0065,0.7435,0.5627,0.6272,0.5927,F,0.1118,1.0726,1.0371,1.0605,1.0869,1.1346,1.0676,1.0622,1.0614,1.0726,1.0279,1.0836,0.5642,0.5798,0.6137,0.7415,F,F,1.0276,1.0224,1.0395,1.0582,1.1151,1.0202,1.0663,1.0714,1.0788,1.0683,1.0675,1.0797,0.052,0.6405,0.5946,0.6038,1.0258,1.0716,0.979,1.0216,1.0949,1.111,1.1022,1.0498,1.1027,1.0897,1.0778,1.0667,1.0796,0.0046,0.6174,0.6318,0.6104,1.0267,1.0334,1.0535,1.0239,1.0457,1.0931,1.1405,1.1461,1.121,1.0147,1.14,1.1201
MOD17A3HGF.A2017001.h10v09.006.2021300022409.Npp_500m,MOD17A3HGF,A2017001,Lat-3.834436Lon-73.31897Samp17Line17,2021300022409,1.1041,1.1403,F,0.5999,0.575,0.5775,0.5822,F,F,F,F,F,1.131,1.071,1.0323,1.0117,1.0127,1.1055,1.133,F,0.6156,0.6015,0.5953,0.8303,0.5501,0.5406,0.5584,0.6432,1.068,1.0402,1.0423,1.0257,1.0133,1.0112,1.1055,1.1159,F,0.5882,0.5976,1.0857,F,0.0844,0.6169,0.6057,1.0683,1.0867,1.0538,1.1048,1.0339,1.0415,1.0511,1.0845,1.1054,1.0815,0.6382,0.6148,0.5846,0.6187,0.5762,0.613,1.0953,1.0738,1.017,1.0208,1.0124,1.0306,1.0737,1.0207,1.0669,1.0353,1.086,0.6467,0.6054,0.6026,0.5954,0.5948,0.6334,1.0704,1.0545,1.0302,1.0038,1.0258,1.0351,1.0305,1.0171,1.133,1.0428,1.0394,1.053,0.5721,0.5927,F,1.0585,1.068,1.011,1.0137,1.036,0.9837,1.0578,1.0421,1.0514,1.0145,0.6428,0.0137,1.0602,1.0466,0.6249,0.5886,F,0.994,F,1.0461,1.0492,1.0235,1.0299,1.0665,1.0361,1.0601,1.0021,0.5944,0.6102,0.6111,0.5785,F,0.5613,0.7024,1.0555,F,F,1.0691,1.0241,1.0459,1.0292,0.9897,1.0352,1.0373,0.6098,0.5748,0.6085,0.67,F,F,F,0.9395,1.0745,1.0473,1.0332,0.9895,1.0195,1.0428,1.038,1.029,1.0472,0.5281,0.5264,0.5968,0.6666,0.6895,F,F,0.9885,1.0541,1.0232,1.0277,1.0238,1.0492,1.0559,1.046,1.0519,1.0536,1.1019,0.9656,0.57,0.5878,0.8038,0.6598,1.0327,1.0973,1.0593,1.0614,1.0011,1.0284,0.9991,1.0369,1.0489,1.0409,1.0886,0.5676,0.5458,0.6093,0.6575,0.5958,0.6618,1.0792,1.0247,0.9117,0.9652,0.9424,0.9646,1.0362,1.058,1.0594,1.0477,1.0674,0.6458,0.5995,0.6573,0.6296,0.613,1.0663,1.06,0.9011,0.8826,0.9588,1.016,1.0181,1.0648,1.0681,1.0404,1.0638,1.0184,0.8083,0.5371,0.6194,0.5882,F,0.0395,1.0545,1.0061,0.9697,0.9607,0.9862,1.0115,1.0055,1.0181,1.0208,1.0274,1.0265,0.6029,0.6114,0.6314,0.7159,F,0.0029,0.9755,1.0342,1.0364,0.9442,1.0019,1.0529,0.9771,0.9229,1.0106,1.0345,0.9618,1.0613,F,0.653,0.6735,0.6682,1.0386,0.9758,1.0555,1.0273,1.025,1.0182,0.9762,1.0193,1.0412,1.0114,1.0317,1.0637,1.027,F,0.6686,0.6528,0.6374,1.0474,1.0297,0.9915,0.9871,1.0261,1.0648,1.0311,1.0096,1.0166,1.0446,1.0662,1.0837
MOD17A3HGF.A2018001.h10v09.006.2021364004127.Npp_500m,MOD17A3HGF,A2018001,Lat-3.834436Lon-73.31897Samp17Line17,2021364004127,1.2176,1.1588,F,0.6622,0.6391,0.6549,0.6469,F,F,F,F,F,1.2073,1.1829,1.2033,1.2217,1.0798,1.2259,1.1476,F,0.6741,0.6302,0.6177,0.8003,0.6126,0.6417,0.6372,0.7391,1.1847,1.1439,1.1891,1.1273,1.1819,1.0768,1.2184,1.2155,F,0.6661,0.6437,1.2328,0.2366,0.2201,0.641,0.626,1.1984,1.2069,1.2455,1.1774,1.229,1.2224,1.0552,1.2544,1.2072,1.1565,0.6457,0.6955,0.6532,0.5958,0.5876,0.6444,1.1985,1.2462,1.2269,1.1956,1.1548,1.181,1.176,1.1193,1.262,1.2315,1.1868,0.6394,0.6336,0.5789,0.5818,0.6626,0.6094,1.0564,1.0791,1.1957,1.2252,1.1469,1.2012,1.2277,1.2001,1.2528,1.2368,1.2053,1.2434,0.6338,0.6581,F,0.9933,1.0669,0.9893,1.1154,1.1177,1.2273,1.224,1.2032,1.2059,1.2257,0.6378,0.2002,1.1271,1.1118,0.6274,0.5909,F,1.1661,F,1.001,0.9586,1.2082,1.2103,1.2079,1.1956,1.1826,1.2174,0.6504,0.6278,0.5946,0.6081,F,0.6216,0.7175,1.2,F,F,1.1077,1.1124,1.1466,1.2119,1.2074,1.2232,1.219,0.6843,0.6494,0.6388,0.7014,F,F,F,1.2639,1.2403,1.2319,1.2366,1.164,1.2161,1.2267,1.2157,1.1864,1.1963,0.6883,0.6922,0.6606,0.713,0.7488,F,F,1.2314,1.2557,1.2613,1.2376,1.1863,1.1891,1.2519,1.183,1.1779,1.2018,1.2103,1.214,0.5996,0.6615,0.8261,0.6528,1.2398,1.2071,1.1973,1.1978,1.1865,1.2101,1.2025,1.2367,1.1992,1.1905,1.198,0.6454,0.626,0.6298,0.6574,0.7018,0.6898,1.2422,1.1755,1.1846,1.1448,1.1598,1.2358,1.1805,1.1842,1.2119,1.1999,1.1598,0.6455,0.679,0.6341,0.6206,0.6707,1.0365,0.8582,0.9271,1.1988,1.1627,1.1457,1.2003,1.1801,1.1671,1.1738,1.1687,1.1915,0.8351,0.6118,0.6686,0.6701,F,0.3169,0.9671,1.0729,1.2118,1.1893,1.1788,1.1783,1.176,1.1848,1.2049,1.2473,1.1629,0.6541,0.6666,0.6792,0.7767,F,0.1858,1.1811,1.1855,1.2234,1.2612,1.1955,1.1802,1.176,1.1178,1.1505,1.1645,1.1769,1.2047,0.189,0.7122,0.7375,0.7186,1.2309,1.1988,1.2467,1.1892,1.2014,1.1383,1.1711,1.1701,1.1788,1.1957,1.1615,1.1848,1.2213,0.2546,0.7075,0.6862,0.6807,1.2235,1.1607,1.2052,1.1984,1.1975,1.2014,1.2411,1.2431,1.2027,1.2061,1.1647,1.1426
MOD17A3HGF.A2019001.h10v09.006.2021001044819.Npp_500m,MOD17A3HGF,A2019001,Lat-3.834436Lon-73.31897Samp17Line17,2021001044819,1.0845,1.0508,F,0.5106,0.5571,0.5418,0.5875,F,F,F,F,F,1.0392,1.0559,1.0957,1.0481,1.0445,1.079,1.0564,F,0.5303,0.5613,0.538,0.7526,0.5425,0.5203,0.5742,0.6983,1.0971,0.9885,1.1235,1.0709,1.1044,1.023,1.0939,1.1262,F,0.5198,0.5508,1.0781,0.235,0.357,0.5706,0.5331,1.0658,1.1108,1.0331,1.0525,1.0437,1.0928,1.0954,1.0555,1.1346,1.121,0.5472,0.5503,0.5527,0.5442,0.57,0.6199,1.0347,1.0709,1.0533,1.056,1.0446,1.1378,1.1478,0.9878,1.0673,1.0656,1.0945,0.5505,0.5346,0.5319,0.5301,0.6072,0.5566,1.0727,1.0747,1.0488,1.056,1.0527,1.0542,1.1081,0.9549,1.1219,1.133,1.1106,1.1007,0.554,0.5442,F,1.0997,1.1117,1.0935,1.08,1.0575,1.0639,1.0399,1.1151,1.0939,1.0973,0.5666,0.3053,1.1236,1.0893,0.5362,0.5578,F,1.0578,F,1.0603,1.0788,1.121,1.056,1.111,1.1136,1.0312,1.0186,0.5666,0.5616,0.553,0.5638,F,0.5472,0.603,1.0666,F,F,1.0528,1.0319,1.0495,1.0573,1.013,1.0165,1.0658,0.5522,0.5726,0.5744,0.5862,F,F,F,1.1022,1.1181,1.1359,1.094,1.0734,1.0469,1.0925,1.1095,1.0403,1.0541,0.5978,0.5991,0.5794,0.5919,0.5268,F,F,1.1154,1.1159,1.0897,1.0765,1.0415,1.0382,1.1582,1.1576,1.1552,1.1489,1.0065,1.0149,0.5597,0.5611,0.5943,0.5294,1.0671,1.0356,1.0671,1.0477,1.0889,1.112,1.0448,1.1051,1.1306,1.1528,1.1577,0.529,0.5676,0.5638,0.5408,0.5157,0.5294,1.0874,1.0298,1.0575,1.0758,1.0442,1.0364,1.039,1.1592,1.1462,1.1458,0.997,0.5634,0.539,0.5898,0.5516,0.5684,1.1335,1.0961,1.0431,1.0307,1.0561,1.0385,1.044,1.0621,1.1252,1.1379,1.1522,1.145,0.7537,0.5734,0.5615,0.5454,F,0.1678,1.0918,1.0523,1.0558,1.0561,1.0651,1.0646,1.0473,1.0349,1.0725,1.1463,1.0633,0.5518,0.5666,0.5454,0.6978,F,0.076,1.0382,1.0123,1.0549,1.0638,1.0241,1.026,1.0243,1.0434,1.1223,1.1293,1.1342,1.0986,0.1559,0.5858,0.599,0.6161,1.1128,1.1075,1.0535,1.0062,1.0516,1.0375,1.089,1.0184,1.0099,1.1265,1.0791,1.0395,1.0644,0.1194,0.5797,0.595,0.5258,1.0775,1.1001,1.0485,1.0111,1.0692,1.0243,1.0199,1.0259,0.9908,1.0596,1.1172,1.0997
MOD17A3HGF.A2020001.h10v09.006.2021015033223.Npp_500m,MOD17A3HGF,A2020001,Lat-3.834436Lon-73.31897Samp17Line17,2021015033223,1.1591,1.1229,F,0.6343,0.5872,0.5566,0.5475,F,F,F,F,F,1.0156,1.12,1.0958,1.0573,1.0674,1.1124,1.0772,F,0.5964,0.6013,0.5898,0.8062,0.5826,0.5592,0.5396,0.6951,1.0391,1.0653,1.0974,1.0642,1.0483,1.0366,1.1025,1.0742,F,0.5528,0.5534,1.0679,0.0,0.0101,0.619,0.584,1.1232,1.0501,1.0612,1.0826,1.0583,1.0237,1.0545,1.1058,1.0829,1.102,0.633,0.5798,0.5752,0.606,0.5738,0.5901,1.0921,1.0788,1.0846,1.1175,1.0964,1.0481,1.0394,1.0348,1.1223,1.0812,1.071,0.5963,0.603,0.6346,0.6181,0.6003,0.537,1.106,1.0408,1.0743,1.1015,1.0746,1.0635,1.0515,1.0853,1.1191,1.0759,1.0413,1.1002,0.5699,0.6244,F,1.0826,1.0767,1.1058,1.0507,1.083,1.1009,1.1039,1.0883,1.0751,1.0883,0.6376,0.0,1.0961,1.1215,0.6003,0.6205,F,1.1407,F,1.1016,1.0877,1.114,1.1187,1.0967,1.0965,1.0734,1.0818,0.602,0.6323,0.6014,0.5817,F,0.5648,0.6886,1.1024,F,F,1.0969,1.074,1.1027,1.0759,1.0708,1.0753,1.0901,0.5991,0.5752,0.585,0.5579,F,F,F,1.1584,1.094,1.0965,1.0637,1.0652,1.1073,1.0535,1.0789,1.0704,1.0655,0.5867,0.5903,0.6138,0.6038,0.6119,F,F,1.073,1.0746,1.0757,1.109,1.1143,1.0911,1.0811,1.0659,1.059,1.0531,1.0801,1.0911,0.6013,0.5946,0.718,0.5989,1.118,1.0491,1.0393,1.0477,1.0973,1.0765,1.0903,1.1063,1.0907,1.0905,1.0643,0.5447,0.5131,0.5814,0.6193,0.619,0.6017,1.0952,1.0553,1.0469,1.069,1.1142,1.1234,1.1067,1.0889,1.1028,1.0793,1.0721,0.6277,0.613,0.6059,0.6078,0.6222,1.1205,1.1075,1.029,1.0501,1.0603,1.1248,1.1004,1.0148,1.0497,1.0672,1.0881,1.0818,0.7975,0.6445,0.6237,0.6115,F,0.1257,1.1282,1.0863,1.0712,1.0049,1.0635,1.0442,1.0663,1.0346,1.0691,1.0616,1.0544,0.6417,0.6359,0.6284,0.7101,F,0.0582,1.0586,1.0554,1.0583,1.0523,1.0583,1.0474,1.0471,1.0425,1.0917,1.0594,1.0573,1.1134,0.0,0.5806,0.5885,0.6371,1.0766,1.066,1.0755,1.0943,1.0867,1.1022,1.0869,1.0481,1.0679,1.0657,1.0655,1.0682,1.1,0.0,0.5973,0.6224,0.6086,1.0809,1.0401,1.0609,1.0641,1.0598,1.0734,1.0606,1.0453,1.0615,1.0854,1.0687,1.0675
MOD17A3HGF.A2021001.h10v09.006.2022020140722.Npp_500m,MOD17A3HGF,A2021001,Lat-3.834436Lon-73.31897Samp17Line17,2022020140722,1.0909,1.0788,F,0.6,0.6006,0.5803,0.5896,F,F,F,F,F,1.1393,1.1442,1.05,1.0389,1.0195,1.0918,1.0929,F,0.6372,0.6368,0.618,0.7434,0.607,0.5965,0.6197,0.7445,1.1052,1.1011,1.0779,1.0876,1.0316,1.02,1.0625,1.0249,F,0.6171,0.6126,1.0416,0.0803,0.1374,0.6212,0.6314,1.0711,1.0629,1.0437,1.0518,1.0813,1.0553,1.0967,1.0612,1.0918,1.093,0.6338,0.6367,0.595,0.6009,0.6014,0.6325,1.0863,1.0633,1.035,1.0333,1.0345,1.0409,1.0073,1.016,1.0564,1.0114,1.0712,0.5822,0.611,0.6339,0.6254,0.6222,0.6056,1.083,1.0808,1.0102,1.0272,1.0361,0.9963,1.0057,1.0225,1.1208,1.0794,1.1139,1.1219,0.5973,0.6238,F,1.1636,1.0963,1.1166,1.0837,1.0621,1.0574,1.0871,1.0587,1.08,1.0235,0.6248,0.1152,1.0846,1.1053,0.5946,0.6134,F,1.1394,F,1.0919,1.0735,1.0782,1.0496,1.0485,1.0246,1.0662,1.005,0.6174,0.6557,0.6189,0.5847,F,0.5731,0.6912,1.1123,F,F,1.08,1.0188,1.0849,1.0947,1.0335,1.0487,1.1074,0.6234,0.6266,0.5886,0.5862,F,F,F,1.0864,1.0551,1.0414,1.0713,1.071,1.0813,1.0654,1.0938,1.0341,1.0828,0.6046,0.6056,0.5916,0.6002,0.6247,F,F,1.0504,1.0344,1.0097,1.1038,1.0562,1.0825,1.0554,1.0965,1.1012,1.1017,1.0666,1.0824,0.6052,0.6234,0.7158,0.6162,1.0644,1.0896,1.0935,1.0422,1.0649,1.0025,1.063,1.0607,1.0833,1.0508,1.0481,0.5908,0.587,0.6217,0.6253,0.6219,0.6285,1.0744,1.056,1.015,1.004,0.9905,0.9856,1.0585,1.0794,1.0984,0.9933,1.0535,0.5921,0.6203,0.6412,0.6507,0.6502,1.1055,1.0573,1.0518,1.02,1.0221,1.0575,1.0793,1.042,1.1001,1.0964,1.004,1.0324,0.7881,0.6306,0.6238,0.631,F,0.1011,1.0885,1.0349,1.0213,1.0295,1.0459,1.0251,1.0084,1.031,1.0526,1.0921,1.1012,0.6158,0.6326,0.6154,0.734,F,0.309,1.083,1.0627,1.0467,1.0493,1.0567,1.0239,1.0546,1.0658,1.0597,1.1316,1.0989,1.088,0.0362,0.6305,0.6071,0.6258,1.0466,1.0617,1.0163,1.0453,1.0567,1.0285,1.0029,1.0677,1.0616,1.0205,1.0478,1.029,1.0196,0.1248,0.6329,0.6234,0.6101,1.0268,1.0609,1.0195,1.094,1.0799,1.0351,1.0163,1.096,1.03,1.0233,1.0346,1.0447
MOD17A3HGF.A2022001.h10v09.006.2023035051935.Npp_500m,MOD17A3HGF,A2022001,Lat-3.834436Lon-73.31897Samp17Line17,2023035051935,1.1123,1.1377,F,0.6594,0.5868,0.6204,0.6228,F,F,F,F,F,1.1518,1.1077,1.1313,1.1056,1.068,1.1133,1.1067,F,0.6483,0.6159,0.5919,0.7693,0.6255,0.6211,0.5951,0.6938,1.1626,1.1354,1.1456,1.0944,1.1012,1.0472,1.127,1.1445,F,0.614,0.5927,1.1533,0.1422,0.129,0.6495,0.6223,1.1652,1.1455,1.133,1.1256,1.1385,1.1398,1.1104,1.1311,1.1423,1.1503,0.6554,0.6401,0.6381,0.6395,0.635,0.6796,1.1298,1.1477,1.1442,1.1244,1.1348,1.1379,1.1377,1.1169,1.1147,1.1108,1.1394,0.6305,0.6302,0.6537,0.6662,0.6926,0.6732,1.1068,1.1049,1.1299,1.1319,1.1354,1.1046,1.0935,1.1059,1.1713,1.1369,1.1016,1.1178,0.6186,0.6596,F,1.1576,1.1231,1.1308,1.144,1.134,1.1467,1.1471,1.1025,1.0827,1.1104,0.6464,0.2359,1.1414,1.204,0.6029,0.5937,F,1.1908,F,1.1389,1.1251,1.1034,1.1305,1.1294,1.1021,1.1132,1.1252,0.5884,0.5878,0.6254,0.6078,F,0.6231,0.7285,1.1464,F,F,1.1272,1.0924,1.1054,1.1247,1.1024,1.0978,1.1146,0.5879,0.5746,0.6406,0.6213,F,F,F,1.1506,1.0999,1.1712,1.12,1.0954,1.1346,1.1085,1.0981,1.0789,1.0942,0.5687,0.5777,0.581,0.6284,0.6311,F,F,1.1242,1.0708,1.1159,1.118,1.1375,1.1594,1.139,1.0974,1.0989,1.0879,1.1224,1.1409,0.6056,0.6462,0.7325,0.6502,1.1665,1.1276,1.0625,1.0827,1.1083,1.1338,1.1632,1.1396,1.1346,1.1056,1.1417,0.5891,0.5723,0.6043,0.6188,0.6038,0.5452,1.1607,1.1079,1.0992,1.062,1.1001,1.1347,1.1355,1.1195,1.1282,1.1118,1.0897,0.6115,0.6065,0.6959,0.6909,0.6312,1.1649,1.1555,1.0997,1.0963,1.1102,1.1016,1.0991,1.097,1.0889,1.1093,1.1403,1.1511,0.8383,0.6592,0.6351,0.6607,F,0.3133,1.1378,1.1059,1.0646,1.0818,1.0866,1.097,1.0849,1.1154,1.1457,1.1227,1.1385,0.6301,0.6003,0.6772,0.7775,F,0.109,1.1434,1.13,1.0828,1.082,1.0718,1.0958,1.0972,1.1014,1.1026,1.1209,1.1474,1.1406,0.1522,0.6143,0.6354,0.645,1.135,1.1174,1.1047,1.0267,1.0981,1.0989,1.0767,1.0811,1.0809,1.0623,1.0838,1.1327,1.09,0.0453,0.6479,0.6814,0.6345,1.0947,1.1048,1.1351,1.0614,1.0971,1.0913,1.1232,1.1039,1.0928,1.0914,1.1279,1.1325
MOD17A3HGF.A2023001.h10v09.006.2024021044836.Npp_500m,MOD17A3HGF,A2023001,Lat-3.834436Lon-73.31897Samp17Line17,2024021044836,1.2695,1.2906,F,0.7329,0.7631,0.6878,0.6972,F,F,F,F,F,1.2119,1.2884,1.2426,1.1831,1.25,1.2593,1.247,F,0.7412,0.7446,0.7053,0.777,0.6785,0.6929,0.5979,0.649,1.307,1.1957,1.254,1.1738,1.2501,1.2168,1.1881,1.2785,F,0.7198,0.7114,1.244,0.2245,0.2873,0.6686,0.6602,1.2521,1.2595,1.2465,1.2297,1.2394,1.262,1.2606,1.2367,1.2738,1.2608,0.7358,0.7254,0.6811,0.688,0.7038,0.7164,1.2427,1.2159,1.2427,1.2664,1.2207,1.2088,1.2693,1.2652,1.2907,1.265,1.247,0.7271,0.7328,0.7426,0.731,0.7278,0.6813,1.2332,1.2512,1.253,1.2615,1.2645,1.232,1.2901,1.2645,1.3114,1.2552,1.2285,1.2357,0.7076,0.7367,F,1.2602,1.2527,1.2268,1.2251,1.2555,1.2756,1.2802,1.2053,1.2544,1.2425,0.7033,0.3209,1.2685,1.2748,0.7413,0.7499,F,1.3371,F,1.1702,1.1683,1.2315,1.2143,1.2627,1.2335,1.2391,1.2731,0.7641,0.7302,0.7394,0.735,F,0.7345,0.771,1.2511,F,F,1.204,1.2179,1.254,1.2761,1.2456,1.2504,1.224,0.7226,0.715,0.6623,0.6764,F,F,F,1.2617,1.2236,1.221,1.1842,1.2526,1.2644,1.2765,1.2408,1.2364,1.2026,0.7302,0.7099,0.7223,0.6977,0.6776,F,F,1.2661,1.2534,1.2382,1.3209,1.2522,1.2704,1.2278,1.2517,1.2602,1.2649,1.2464,1.2481,0.7283,0.7025,0.67,0.7584,1.2618,1.2731,1.2386,1.2158,1.2483,1.231,1.2041,1.1759,1.2155,1.2364,1.2565,0.715,0.7128,0.7385,0.7678,0.7256,0.7102,1.2213,1.237,1.2101,1.2524,1.1929,1.2487,1.1934,1.1393,1.1444,1.2205,1.2182,0.713,0.7057,0.7493,0.7607,0.7336,1.2394,1.208,1.2248,1.2255,1.2598,1.2322,1.2519,1.203,1.2201,1.2581,1.18,1.2342,0.8802,0.7009,0.7438,0.7647,F,0.1862,1.2218,1.2204,1.2087,1.2502,1.245,1.2291,1.1785,1.2108,1.2378,1.2007,1.2663,0.7243,0.7078,0.7482,0.7891,F,0.159,1.214,1.2517,1.2499,1.273,1.2519,1.2552,1.2697,1.2488,1.2187,1.1895,1.2527,1.246,0.261,0.7511,0.767,0.7662,1.2461,1.2286,1.2053,1.2441,1.19,1.2262,1.2573,1.2292,1.2793,1.2358,1.2176,1.2955,1.2083,0.2909,0.747,0.768,0.7207,1.2125,1.2113,1.186,1.1731,1.1887,1.2078,1.2818,1.209,1.1958,1.2277,1.2666,1.2383
