MOD17A3HGF.A2001001.h12v09.006.2020136134922.Npp_500m,MOD17A3HGF,A2001001,Lat-2.8567Lon-54.9589Samp17Line17,2020136134922,1.0947,1.0702,1.2574,1.1055,1.1242,1.1896,0.9383,1.2133,1.0911,1.1823,1.1941,1.183,0.9838,0.9948,1.1197,1.1427,1.1346,1.1058,1.1931,0.5945,1.1153,1.1977,1.1333,1.1018,1.1061,1.1035,1.2093,1.1666,1.1553,1.0945,1.1382,0.9424,1.0566,1.2551,1.1286,1.0176,1.1018,1.1325,0.6137,1.1184,1.104,1.1318,0.967,0.751,1.1892,1.1565,1.0243,1.0993,1.2217,1.1539,1.2415,1.1577,1.1951,1.1562,1.2094,1.1068,1.0996,1.14,1.1269,1.1616,1.1268,0.7632,1.2362,1.1208,1.1617,1.1724,1.1194,1.1106,1.073,1.1952,1.1338,1.1935,1.1355,1.1231,1.2165,1.1491,1.1972,1.1529,1.1387,1.1969,1.0656,1.0766,1.1053,1.2592,1.1982,1.1135,1.0981,1.1347,1.1101,1.0813,1.1658,1.1934,1.1139,1.1672,1.1701,1.213,1.2459,1.1262,1.1544,1.1422,1.1917,1.19,1.1203,1.1248,1.163,1.1343,1.1425,1.1641,1.1557,1.1547,1.1567,1.1256,1.2332,1.1811,1.0929,1.2035,1.1737,1.178,1.1875,1.1849,1.1173,1.1519,1.172,1.1952,1.096,1.046,1.0128,1.1009,1.1689,1.1495,1.1696,1.111,1.2033,1.2512,1.2371,1.1337,1.1709,1.1745,1.1306,1.1869,1.1111,0.6521,1.1161,0.8829,1.1276,1.162,1.1789,1.2391,1.2269,1.0416,0.8944,1.1505,1.1973,1.1298,1.2014,1.1651,1.1092,1.2149,1.1484,1.0518,1.1738,1.1155,1.1861,1.1346,1.1758,1.2172,1.1951,1.1666,1.1493,1.18,1.1633,1.0804,1.1116,1.1208,1.1414,1.1355,1.1287,1.175,1.166,1.1395,1.1768,1.2011,1.2131,1.2456,1.1951,1.2192,1.2208,1.0848,1.1599,1.1386,1.0882,1.1516,1.1337,1.1876,1.1931,1.155,1.1878,1.0416,1.0169,1.1609,1.1456,1.1206,1.2413,1.2337,1.1652,1.2045,1.16,1.1223,1.0982,1.0861,1.1289,1.1945,1.2487,1.2034,1.1447,1.1744,1.091,1.1492,1.1035,1.2672,1.1629,1.2927,1.2904,1.1719,1.1498,1.139,1.196,1.1854,1.2175,1.1742,1.156,1.2484,1.197,1.1882,1.1527,1.1541,1.2497,0.9104,1.2003,1.2186,1.1999,1.1282,1.1473,1.0774,1.2399,0.8902,1.2273,1.2329,1.2755,0.8083,1.0688,0.7947,1.1601,1.1937,0.9464,1.1374,1.1148,1.1568,1.1585,1.1077,0.9593,0.9336,1.1145,0.9938,1.0652,1.1317,1.1135,1.1473,1.0123,0.7805,0.9165,0.7623,1.2041,1.2354,1.1541,1.0393,1.098,1.1256,1.1395,1.0802,1.1953,1.0405,1.0726,1.1255,1.1108,1.251,1.1053,1.1609,1.1117
MOD17A3HGF.A2002001.h12v09.006.2020143160646.Npp_500m,MOD17A3HGF,A2002001,Lat-2.8567Lon-54.9589Samp17Line17,2020143160646,1.0145,1.0182,1.0438,1.0108,0.9721,1.0134,0.9699,0.9236,0.992,1.0329,1.0012,0.9394,1.0169,1.0137,1.0617,1.0445,0.9111,1.0022,1.0621,1.0488,1.0431,0.9984,1.0061,0.9747,0.9885,0.9952,1.012,0.9773,1.0235,1.0066,0.9326,1.0118,0.9942,1.0346,0.987,0.9435,1.0138,0.9956,0.9082,0.969,0.9349,1.022,0.9869,0.9709,1.0119,1.0439,0.9951,0.9455,0.9951,1.0,0.963,1.0415,0.9139,0.9128,0.9382,0.9439,0.8461,0.8455,0.9639,0.9903,0.9855,1.0296,1.0495,1.0307,0.9653,0.9437,0.9456,0.9092,1.002,1.0244,1.0238,1.0286,1.0018,0.9775,0.8876,0.9812,0.966,1.0042,1.0241,1.0012,0.9867,1.0154,0.87,0.962,0.8424,0.9976,1.0135,0.9902,1.0189,0.9606,0.9232,0.9192,0.9591,0.9855,1.0113,1.0151,1.0473,0.9753,0.928,0.9713,0.9237,0.8737,0.9822,0.9517,0.9661,0.9505,0.9736,0.9562,0.9774,0.9914,1.028,0.9945,1.0297,1.036,0.9966,0.9533,0.9925,0.9959,0.95,0.9527,0.9538,0.9523,0.9635,0.9585,0.9815,1.0055,1.0079,1.0031,0.9375,0.8456,0.9111,0.9985,0.9665,0.9789,1.0135,1.0088,0.9369,0.9594,0.9514,0.9818,0.9523,0.9371,1.0222,1.0148,1.0673,0.9972,0.9992,1.0144,1.0008,1.0215,0.9647,1.0056,0.9384,1.0015,0.9596,0.9253,0.9712,0.9828,0.9685,1.0408,1.0404,1.01,0.8644,0.9513,0.9251,0.9572,1.0182,1.012,1.0095,0.9781,0.9826,0.9646,0.9714,0.9775,0.965,1.0097,0.9487,0.9918,1.0098,0.8457,1.0292,1.0273,1.0121,0.9772,1.0225,1.0383,0.9986,0.9778,1.001,0.9802,1.0116,0.9972,1.0145,0.9323,0.9402,0.9838,0.8924,1.0299,0.9652,1.02,0.9454,1.0142,1.0196,0.9775,0.9822,0.9895,0.9967,1.0239,1.0011,1.0185,1.0274,1.0563,1.0331,1.0205,1.0397,0.9151,0.8056,1.016,1.0111,1.0029,1.0266,0.9959,0.992,0.8885,0.9907,0.9908,0.9771,0.9783,1.0356,1.0562,1.0459,0.9635,1.0249,0.9776,1.0239,1.0029,1.0266,1.0088,1.0249,1.0023,0.9996,0.9848,0.9077,0.9264,1.005,1.0334,0.9833,0.9524,0.9243,0.9528,1.014,0.9946,1.0068,0.9777,0.8515,0.9938,0.9557,0.9985,0.9561,0.9197,1.0275,1.0061,0.9239,1.0198,1.0025,0.9872,0.9352,0.9865,0.9852,0.9958,1.0145,0.9825,0.988,0.9905,0.988,0.9731,1.0427,1.0397,1.0088,0.9413,0.9837,0.9553,0.9674,1.0532,0.9806,1.031,0.9579,0.9494,0.9687
MOD17A3HGF.A2003001.h12v09.006.2020168120319.Npp_500m,MOD17A3HGF,A2003001,Lat-2.8567Lon-54.9589Samp17Line17,2020168120319,1.2914,1.3316,1.2427,1.2055,1.2188,1.0642,1.3561,1.0388,1.2057,1.2629,1.265,1.2267,1.3317,1.3592,1.3034,1.2673,1.2343,1.3211,1.2095,1.2538,1.1992,1.2115,1.0354,1.2787,1.2754,1.2629,1.0757,1.2974,0.9622,1.3719,1.2629,1.2952,1.2904,1.2496,1.3201,1.1209,1.2035,1.2754,1.0882,1.0965,1.3537,1.2411,1.3507,1.2792,1.305,1.1125,1.3165,1.2599,1.3214,1.2668,1.3207,1.3569,1.3289,1.2845,1.2792,1.1329,1.1615,0.9245,1.0001,0.971,1.3597,1.3671,1.3103,1.2798,1.3437,1.2777,1.3205,1.3222,1.1951,1.287,1.2436,1.2736,1.0718,1.1335,1.0484,1.0348,0.9681,1.3307,1.3444,1.3734,1.3616,1.1699,1.352,1.3128,1.3436,1.2664,1.2941,1.2678,1.1108,1.0545,1.064,1.1393,1.1957,1.2243,1.3033,1.3121,1.2038,1.0277,1.2622,1.3104,1.3609,1.2975,1.2877,1.3098,1.3011,1.349,1.307,1.2973,1.2858,1.1322,1.1538,1.2526,1.2821,1.31,1.3156,1.3412,1.2861,1.3267,1.2631,1.2831,1.2825,1.2947,1.3555,1.3323,1.3431,1.3246,1.3236,1.3098,1.0291,1.2392,1.2105,1.3585,1.2795,1.2452,1.3084,1.2972,1.2873,1.2908,1.258,1.2627,1.297,1.3129,1.3173,1.3308,1.2857,1.0709,1.2771,1.0721,1.2052,1.2113,1.1798,1.2047,1.2944,1.0639,1.1143,1.1739,1.2666,1.2953,1.2902,1.2304,1.3331,1.3635,1.3486,1.2863,1.2135,1.2682,1.3025,1.1255,1.2677,1.3426,1.2329,1.225,1.2967,1.252,1.2791,1.2946,1.2534,1.279,1.2817,1.1692,1.2646,1.3132,1.2495,1.2953,1.2559,1.2443,1.2391,1.3023,1.3,1.2771,1.3179,1.2659,1.2795,1.3119,1.1764,1.2293,1.3035,1.2634,1.2911,1.2601,1.2829,1.2654,1.253,1.2693,1.2661,1.3634,1.2856,1.1742,1.034,1.0873,1.2418,1.2936,1.2796,1.3243,1.3139,1.265,1.3359,1.3517,1.2333,1.2197,1.2926,1.2793,1.1115,1.3336,1.2065,1.2785,1.3003,1.2195,1.339,1.2691,1.2915,1.3173,1.3157,1.2924,1.3154,1.435,1.2126,1.2413,1.3192,1.288,1.3799,1.3654,1.3355,1.3421,1.2694,1.2975,1.3512,1.2912,1.3476,1.2715,1.2591,1.2908,1.2863,1.3299,1.257,0.9697,1.2946,1.2907,1.2853,1.2718,1.264,1.2904,1.2793,1.3149,1.2035,1.3802,1.2556,1.2904,1.3152,1.4535,1.33,1.2781,1.1311,1.2939,1.1964,1.4026,1.161,1.376,1.3491,1.3065,1.2948,1.3656,1.2815,1.28,1.3362,1.3394,1.3985,1.4453,1.3202
MOD17A3HGF.A2004001.h12v09.006.2020243083317.Npp_500m,MOD17A3HGF,A2004001,Lat-2.8567Lon-54.9589Samp17Line17,2020243083317,1.2962,1.2843,1.2602,1.1386,1.1148,1.0246,1.2307,1.2623,1.2586,1.2828,1.2481,1.2897,1.2522,1.2477,1.2535,1.2805,1.2176,1.2666,1.1916,1.259,1.0468,1.2611,1.2101,1.248,1.192,1.0809,1.1979,1.2475,1.2809,1.2407,1.2807,1.2876,1.232,1.2072,1.3009,1.2231,1.0947,1.1195,1.2119,1.0923,1.2577,1.2896,1.2153,1.1822,1.2644,1.2999,1.2302,1.2503,1.3117,1.2823,1.2861,1.2327,1.1721,1.1254,1.2287,1.1919,1.0056,1.2741,1.2681,1.2503,1.2232,1.2484,1.2863,1.2823,1.2555,1.2486,1.2752,1.2867,1.1971,1.2507,1.2507,1.194,0.9968,1.0171,1.2528,1.2723,1.2278,1.2454,1.1499,1.1602,1.1695,1.2186,1.2415,1.2329,1.2723,1.2507,1.2858,1.2538,1.2255,1.1423,1.1912,1.2532,1.2715,1.2246,1.2292,1.2225,1.2476,1.2097,1.2388,1.2654,1.2879,1.2798,1.2496,1.2823,1.2116,1.1724,1.2606,1.1801,1.2211,1.0955,1.2349,1.2364,1.2358,1.2114,1.2328,1.228,1.1742,1.2593,1.2504,1.217,1.1872,1.253,1.2235,1.2822,1.2687,1.2843,1.1867,1.1401,1.2499,1.2462,1.2178,1.1872,1.124,1.2589,1.238,1.2313,1.248,1.25,1.1911,1.2217,1.2124,1.2322,1.2387,1.2543,1.2011,1.2524,1.3014,1.09,1.2321,1.1932,1.2094,1.201,1.2637,1.2579,1.2614,1.2641,1.1989,1.1918,1.2363,1.2289,1.1821,1.2215,1.2259,1.2498,1.2296,1.2042,1.1282,1.2248,1.1006,1.2655,1.2316,1.1959,1.2885,1.2317,1.2746,1.249,1.2598,1.1082,1.076,1.1933,1.2741,1.2455,1.2448,1.2221,1.2661,1.2637,1.1829,1.2835,1.2221,1.2658,1.2251,1.2497,1.2548,1.2366,1.2047,1.216,1.1332,1.2443,1.1984,1.2852,1.2456,1.249,1.2511,1.2194,1.2915,1.1375,1.1712,1.1578,1.1941,1.2359,1.195,1.2451,1.2516,1.2218,1.1342,0.9403,1.2604,1.2695,1.2656,1.1874,1.2469,1.2888,1.251,1.3019,1.2748,1.2017,1.2719,1.2896,1.2336,1.2864,1.2234,1.3039,1.2917,1.2828,1.2579,1.2039,1.2254,1.2696,1.288,1.3009,1.2602,1.2947,1.2499,1.2469,1.2874,1.2516,1.2285,1.2626,1.2521,1.2711,1.2789,1.2954,1.1574,1.1669,1.1068,1.2721,1.2099,1.2362,1.2356,1.267,1.3023,1.2811,1.2592,1.2617,1.3001,1.2101,1.2419,1.1955,1.176,1.2088,1.1908,1.1775,1.2927,1.2543,1.2076,1.1175,1.2563,1.243,1.2171,1.2582,1.2671,1.2933,1.2883,1.2513,1.2595,1.3132,1.2007,1.2019,1.2713
MOD17A3HGF.A2005001.h12v09.006.2020258195107.Npp_500m,MOD17A3HGF,A2005001,Lat-2.8567Lon-54.9589Samp17Line17,2020258195107,1.2635,1.3124,1.2876,1.3202,1.3058,1.3261,1.2727,1.3019,1.2691,1.2745,1.2578,1.2484,1.2179,1.2179,1.1655,1.244,1.2611,1.1736,1.2251,1.2158,1.2549,1.3363,1.2123,1.326,1.3319,1.2547,1.2934,1.2821,1.275,1.3194,1.2541,1.2843,1.2592,1.2756,1.2672,1.2619,1.2789,1.3173,1.235,1.3393,1.1218,1.2055,1.1356,1.2694,1.2676,1.3199,1.3059,1.2612,1.2955,1.2772,1.2743,1.2381,1.2702,1.3305,1.193,1.3081,1.2764,1.1964,1.3043,1.2749,1.2939,1.2768,1.2501,1.2365,1.2537,1.2079,1.2662,1.2906,1.2398,1.2138,1.2681,1.273,1.2666,1.2817,1.1546,1.3063,1.2881,1.2961,1.293,1.2753,1.1448,1.24,1.2292,1.248,1.2959,1.2686,1.2927,1.1534,1.2754,1.2505,1.2822,1.2759,1.3236,1.3359,1.3324,1.3134,1.2513,1.2987,1.2374,1.318,1.2661,1.2805,1.1646,1.2772,1.1538,1.0842,1.208,1.3012,1.3371,1.343,1.3259,1.2826,1.3238,1.3426,1.261,1.2406,1.3143,1.2342,1.2046,1.219,1.2081,1.1912,1.2634,1.2537,1.2747,1.2964,1.3199,1.2924,1.2446,1.3044,1.3125,1.2475,1.3223,1.1847,1.1066,1.3172,1.2563,1.1963,1.0829,1.282,1.3258,1.3141,1.2748,1.2512,1.2695,1.3329,1.312,1.297,1.333,1.3304,1.3076,1.3226,1.3124,1.2521,1.2778,1.3436,1.1771,1.2093,1.3289,1.2649,1.2477,1.2563,1.2651,1.3181,1.3138,1.2088,1.2829,1.2864,1.308,1.2868,1.2622,1.2614,1.2564,1.2909,1.3271,1.2981,1.1774,1.2718,1.3052,1.1296,1.3831,1.2538,1.3549,1.2814,1.2819,1.3117,1.3378,1.2532,1.2204,1.2627,1.2722,1.2386,1.2273,0.9978,1.3243,1.2753,1.2175,1.3185,1.2968,1.3148,1.275,1.2019,1.2805,1.3137,1.2816,1.2634,1.2521,1.2386,1.2959,1.2041,1.1414,1.192,1.0655,1.2811,1.2702,1.2981,1.3102,1.3358,1.3058,1.3194,1.3059,1.2682,1.1825,1.2729,1.2737,1.1294,1.2165,1.1686,1.2004,1.1123,1.2957,1.322,1.2965,1.1786,1.2918,1.3149,1.333,1.2942,1.1554,1.2687,1.3053,1.2854,1.194,1.2548,1.3366,1.0681,0.9441,1.2851,1.2179,1.1957,1.2944,1.3095,1.2954,1.2845,1.2585,1.2109,1.3136,1.2857,1.3149,1.2556,1.2493,1.3194,1.2986,1.3322,1.336,1.3389,1.3104,1.2762,1.3044,1.3032,1.3076,1.2949,1.2369,1.2642,1.2081,1.2802,1.3045,1.286,1.2712,1.3082,1.3261,1.3053,1.2298,1.1886,1.1205,1.2581,1.1838,1.2209,1.276
MOD17A3HGF.A2006001.h12v09.006.2021059081129.Npp_500m,MOD17A3HGF,A2006001,Lat-2.8567Lon-54.9589Samp17Line17,2021059081129,1.3435,1.2552,1.2777,1.2452,1.3207,1.3377,1.2439,1.2625,1.2704,1.2669,1.2782,1.3552,1.2975,1.3127,1.2909,1.2859,1.4044,1.3197,1.3838,1.3243,1.3729,1.3375,1.3681,1.2312,1.2537,1.28,1.2891,1.2705,1.3246,1.2823,1.3331,1.3837,1.333,1.3083,1.312,1.3488,1.3091,1.3449,1.3259,1.3553,1.1528,1.1695,1.2695,1.24,1.2622,1.3211,1.3221,1.3256,1.278,1.3112,1.3178,1.2324,1.3118,1.3029,1.3351,1.3113,1.2357,1.2525,1.233,1.2657,1.2917,1.3462,1.3153,1.3128,1.3221,1.3121,1.2288,1.2879,1.2846,1.2599,1.305,1.2985,1.3069,1.2603,1.2787,1.2213,1.2402,1.2747,1.3186,1.1178,1.3301,1.3366,1.3487,1.3093,1.2598,1.3099,1.3246,1.3219,1.3773,1.2097,1.2621,1.2224,1.0853,1.0956,1.3157,0.9873,1.2744,1.3285,1.2326,1.1939,1.3488,1.2835,1.3225,1.1489,1.1612,1.3241,1.0556,1.1921,1.1253,1.1312,0.9447,1.3133,1.3293,1.331,1.3327,1.3877,1.349,1.3649,1.2554,1.2752,1.3109,1.3254,1.3053,1.1133,0.9757,0.9202,0.9285,1.0823,1.2648,1.3023,1.3036,1.3049,1.2898,1.3264,1.3247,1.31,1.1502,1.2071,1.2104,1.2164,0.889,1.0129,1.0412,1.0808,1.3229,1.2924,1.3439,1.3429,1.2555,1.316,1.2904,1.2932,1.2602,1.22,1.2745,1.2394,1.249,1.2113,1.2199,1.0115,0.9757,1.1733,1.3317,1.3416,1.1966,1.2573,1.3108,1.3324,1.3134,1.2577,1.1677,1.1979,1.3026,1.261,1.2594,1.2049,1.2492,1.1571,1.1983,1.1131,1.3601,1.2751,1.3364,1.331,1.33,1.3051,1.3096,1.2734,1.2635,1.277,1.2461,1.215,1.2483,1.153,1.2376,1.1154,1.2234,1.2473,1.0433,1.0862,1.3532,1.3024,1.337,1.3229,1.2532,1.244,1.2241,1.2326,1.2018,1.1757,1.1035,1.1343,1.2585,1.2417,1.2585,1.355,1.3335,1.3753,1.3185,1.3065,1.2935,1.2708,1.334,1.2941,1.2019,1.2066,1.16,1.1821,1.1899,1.3485,1.341,1.3403,1.2907,1.3706,1.371,1.311,1.3025,1.288,1.2532,1.2635,1.2693,1.2358,1.1974,1.2186,1.1913,1.1986,1.3666,1.276,1.247,1.2939,1.3091,1.3019,1.3085,1.3231,1.2763,1.2311,1.2102,1.249,1.2046,1.1569,1.1696,1.0491,1.167,1.2929,1.3014,1.2638,1.2619,1.3622,1.2783,1.2896,1.272,1.2746,1.2676,1.0269,1.1969,1.1969,1.3424,1.1937,1.1661,1.154,1.2867,1.3864,1.3107,1.2807,1.3144,1.2975,1.2628,1.3242,1.3064
MOD17A3HGF.A2007001.h12v09.006.2021089151859.Npp_500m,MOD17A3HGF,A2007001,Lat-2.8567Lon-54.9589Samp17Line17,2021089151859,1.242,1.2003,1.2193,1.2016,1.2067,1.2074,1.2279,1.0761,1.2816,1.282,1.1947,1.3179,1.2703,1.3103,1.3084,1.333,1.3129,1.252,1.2745,1.3041,1.2014,1.2503,1.1025,1.3229,1.2905,1.2832,1.2303,1.2597,1.3096,1.3067,1.0662,1.2998,1.3095,1.3434,1.2706,1.3636,1.3012,1.2649,1.2782,1.3322,1.2992,1.3263,1.0722,1.0478,1.256,1.247,1.2711,1.2951,1.3375,1.3275,1.3474,1.2908,1.3018,1.2196,1.2665,1.2579,1.3134,1.2844,1.3151,1.2908,1.0895,1.2865,1.318,1.2877,1.282,1.3098,1.2868,1.3656,1.1727,1.288,1.2437,1.3113,1.3076,1.2954,1.2976,1.3324,1.35,1.3391,1.2887,1.1894,1.3301,1.2967,1.3013,1.2957,1.3139,0.9946,0.9999,1.011,1.2227,1.1996,1.3208,1.2801,1.2818,1.3383,1.2889,1.2831,1.3082,1.2623,1.2959,1.3287,1.3242,1.3125,1.2563,1.01,1.0745,1.2647,1.2958,1.2979,1.2718,1.2982,1.368,1.376,1.239,1.2862,1.2648,1.3024,1.1416,1.2888,1.3303,1.306,1.3105,1.2875,1.2468,1.3055,1.272,1.2681,1.2882,1.3678,1.3465,1.2913,1.2825,1.2434,1.2172,1.0628,1.2901,1.3223,1.2585,1.3045,1.308,1.315,1.2876,1.3095,1.3178,1.318,1.3535,1.3141,1.3079,1.2754,1.329,1.3043,1.3207,1.2127,1.1682,1.2636,1.2732,1.2387,1.2131,1.326,1.3316,1.3636,1.3375,1.3547,1.2509,1.3937,1.2564,1.2282,1.2995,1.3216,1.1991,1.2178,1.2796,1.2909,1.2909,1.2244,1.2354,0.9826,1.2283,1.2741,1.2467,0.7946,0.7948,1.2645,1.2879,1.3073,1.3306,1.1648,1.2702,1.3212,1.311,1.0575,1.0494,1.3074,1.3584,1.2187,1.1562,1.3279,1.2791,1.3333,1.3206,1.2846,1.2544,1.2819,1.1969,1.0813,1.3424,1.3228,1.2957,1.3063,1.1746,1.2359,1.2287,1.2063,1.3035,1.3603,1.3567,1.3566,1.3511,1.1236,1.3473,1.3465,1.3104,1.2891,1.082,1.2376,1.2384,1.1703,1.2029,1.1528,1.1688,1.2962,1.2429,1.3768,1.327,1.3115,1.2493,1.3511,1.2833,1.2557,1.3334,1.3529,1.2445,1.2445,1.2928,1.2183,1.3132,1.2442,1.3146,1.2681,1.3402,1.2782,1.2197,1.1918,1.2639,1.3395,1.2666,1.3175,1.3075,1.2514,1.2762,1.2162,1.2494,1.212,1.3533,1.3343,1.3028,1.3591,1.3579,1.2373,1.245,1.2539,1.1895,1.2495,1.3456,1.3439,1.4039,1.3288,1.3693,1.3641,1.3626,1.3259,1.3271,1.0683,1.3075,1.3343,1.2368,1.1865,1.1869,1.2529,1.2668
MOD17A3HGF.A2008001.h12v09.006.2021148145948.Npp_500m,MOD17A3HGF,A2008001,Lat-2.8567Lon-54.9589Samp17Line17,2021148145948,1.1879,1.1534,1.2194,1.2118,1.1809,1.1316,1.2232,1.2107,1.2124,1.208,1.0924,1.1707,1.1701,1.2046,1.2851,1.0799,1.2509,1.2253,1.2339,1.225,1.2387,1.2258,1.2111,1.2043,1.1887,1.0382,1.2131,1.2345,1.1708,1.2205,1.1756,1.2666,0.9147,1.2366,1.2775,1.2255,1.2226,1.2583,1.2444,1.2281,1.2391,1.161,1.1959,1.1806,1.138,1.1697,1.201,1.1797,1.2338,1.2708,1.2276,1.2536,1.242,1.2077,1.217,1.1945,1.2657,1.2608,1.144,1.2534,1.213,1.0541,1.2069,1.1967,1.2127,1.1993,1.1897,1.1681,1.1819,1.2737,1.2302,1.1832,1.2362,1.2481,1.217,1.1927,1.2258,1.187,1.2127,1.2129,1.2066,1.1902,1.188,1.1747,1.2535,1.2292,1.2899,1.195,1.2484,1.2648,1.2473,1.2711,1.2685,1.2352,1.2268,1.2713,1.1944,1.1704,1.2005,1.2337,1.1529,1.277,1.1768,1.2033,1.1493,1.1945,1.2507,1.2474,1.2154,1.1927,1.262,1.2325,1.2019,1.2571,1.2602,1.2173,1.1811,1.2115,1.2402,1.2469,1.2399,1.2467,1.1778,1.1706,1.1982,1.1519,1.2027,1.2572,1.2283,1.2136,1.2384,1.1938,1.1744,1.2576,1.1975,1.295,1.274,1.29,1.2586,1.2128,1.2128,1.1991,1.2125,1.1856,1.1047,1.2351,1.2242,1.2521,1.2269,1.2073,1.2631,1.2742,1.281,1.2537,1.2122,1.2681,1.2799,1.2046,1.159,1.173,1.2228,1.2545,1.2769,1.2786,1.2528,1.2831,1.0121,1.2564,1.2729,1.2925,0.9893,1.0299,1.2189,1.1949,1.194,1.1939,1.2373,1.1684,1.211,1.2591,1.2553,1.2497,1.2257,0.9825,1.2543,1.2629,1.2109,1.1741,1.0941,1.1038,1.082,1.2597,1.2185,1.3197,1.2554,1.1921,1.194,1.201,1.1996,1.2395,1.2531,1.1789,1.1543,1.2637,1.0167,1.2422,1.1487,1.1375,1.2833,1.2579,1.2547,1.263,1.2275,1.1744,1.2349,1.2211,1.2532,1.2346,1.2031,1.2004,1.23,0.9731,1.1839,1.2328,1.1072,1.1318,1.2113,1.2774,1.2062,1.2174,1.222,1.2681,1.2375,1.1724,1.2778,1.2107,1.2792,1.2467,1.1842,1.2399,1.2853,1.2476,1.2399,1.2267,1.1637,1.1994,1.1471,1.1841,1.2709,1.2259,1.2221,1.2048,1.2566,1.2863,1.2336,1.2329,1.2549,1.2973,1.2891,1.2724,1.251,1.1986,1.1081,1.0588,1.1545,1.3187,1.2471,1.2736,1.2443,1.2866,1.2186,1.2341,1.241,1.1634,1.2003,1.2975,1.2332,1.2023,1.169,1.2678,1.1059,1.0555,1.1943,1.0408,1.1879,1.2065,1.0703,1.2611,1.2248
MOD17A3HGF.A2009001.h12v09.006.2021157000002.Npp_500m,MOD17A3HGF,A2009001,Lat-2.8567Lon-54.9589Samp17Line17,2021157000002,1.2675,1.187,1.1358,1.1274,1.1586,1.1735,1.2062,1.2457,1.1887,1.2141,1.1815,1.2106,1.2108,1.2167,1.2111,1.1966,1.1503,1.2254,1.1714,1.1999,1.2194,1.1737,1.204,1.186,1.1946,1.2023,1.1136,1.1038,1.1726,1.1784,1.1664,1.187,1.2034,1.2048,1.2319,1.1762,1.1944,1.1878,1.1329,0.9541,1.1623,1.1264,1.1878,1.1017,1.0953,1.1088,1.1996,1.2055,1.206,1.1912,1.1819,1.2157,1.2095,1.1629,1.0957,1.247,1.1998,1.1838,1.0734,1.1433,1.1865,1.157,1.1536,1.1277,1.2147,1.2055,1.1247,1.178,1.2638,1.2099,1.2659,1.2659,1.2126,1.2702,1.2313,1.1917,1.1934,1.1674,1.1495,1.1371,1.1608,1.1607,1.1868,1.1396,1.096,1.2004,1.2069,1.1557,1.2005,1.2756,1.2807,1.2875,1.2461,1.2605,1.2613,1.2,0.9621,1.1746,1.1848,1.1853,1.1666,0.9274,1.1744,1.2828,1.2795,1.2558,1.1884,1.0819,1.2718,1.265,1.2528,1.2303,1.2135,1.2584,1.2131,1.2193,1.2927,1.2564,1.2205,1.2468,1.1673,1.1494,1.1616,1.1576,1.1879,1.1735,1.1661,1.225,1.1743,1.1919,1.2373,1.2269,1.2513,1.2492,1.2592,1.2325,1.255,1.1712,1.1637,1.2239,1.2044,1.2256,1.1929,1.1834,1.2145,1.2511,1.2416,1.2435,1.1136,1.2791,1.2918,1.2936,1.2895,1.2095,1.1808,1.2288,1.1998,1.1604,1.24,1.2337,1.1398,1.1358,1.2274,1.2348,1.1924,1.1111,1.1941,1.2117,0.9089,1.2203,1.251,1.1949,1.2361,1.2197,1.1956,1.3065,1.226,1.1874,1.1443,1.1619,1.2265,1.2483,1.1778,1.1904,1.277,1.2683,1.1691,1.266,1.2096,1.2556,1.1868,1.16,1.1783,1.1535,1.1734,1.2436,1.2782,1.2247,1.1738,1.2841,1.1996,1.2005,1.1976,1.2805,1.1209,1.2386,1.1591,1.2815,1.2122,1.2432,1.2596,1.259,0.9661,0.9995,1.2515,1.1651,1.2073,1.2068,1.2442,1.2421,1.2769,1.1175,1.2386,1.2216,1.231,1.2465,1.28,1.1137,1.2321,1.2746,1.2861,1.2495,1.1929,1.2646,1.2237,1.1765,1.1938,1.3002,1.1934,1.208,1.1823,1.2231,1.227,1.2342,1.0878,1.2373,1.2731,1.2556,1.2735,1.2999,1.2573,1.2332,1.2706,1.2794,1.2156,1.2576,1.2479,1.1586,1.1935,1.1839,1.2629,1.2543,1.2618,1.2866,1.2408,1.2674,1.2104,1.2568,1.2072,1.2912,1.2972,1.2784,1.214,1.1992,1.2111,1.2822,1.2515,1.2684,1.2345,1.1998,1.2352,1.2358,1.2463,1.1908,1.2664,1.2373,1.0864,1.2478,1.1787
MOD17A3HGF.A2010001.h12v09.006.2021186014346.Npp_500m,MOD17A3HGF,A2010001,Lat-2.8567Lon-54.9589Samp17Line17,2021186014346,1.1488,1.1966,1.168,1.0781,0.9856,1.1803,1.1463,1.0957,1.1949,1.2167,1.2216,1.2307,1.2225,1.2388,1.2593,1.2088,1.2228,1.1978,1.1627,1.2025,1.1153,1.1986,1.1833,1.1521,1.1452,1.1811,1.1978,1.2068,1.1744,1.2112,1.2395,1.2911,1.2689,1.1762,1.2106,1.1502,1.0935,1.1204,1.2097,1.2218,1.1653,1.2617,1.1974,1.2238,1.2311,1.2123,1.2354,1.2504,1.2901,1.2851,1.234,1.2045,1.1579,1.0982,1.0561,1.182,1.2165,1.2354,1.2014,1.1566,1.1793,1.2685,1.2901,1.2265,1.2213,1.2149,1.295,1.3144,1.1568,1.1575,1.2311,1.2259,1.2197,1.2106,1.1592,1.1891,1.2215,1.1761,1.2689,1.2358,1.1632,1.1812,1.214,1.2268,1.2144,1.219,1.2651,1.1124,1.2208,1.1418,1.1832,1.2225,1.1697,1.1782,1.1273,1.1348,1.1664,1.1665,1.2283,1.2049,1.2551,1.2329,1.2175,1.2384,1.0858,1.1028,1.2603,1.2468,1.242,1.2142,1.1709,1.1983,1.2022,1.1379,1.1688,1.1685,1.2063,1.1524,1.1685,1.2457,1.2303,1.2273,1.1858,1.1777,1.1739,1.2752,1.2567,1.2092,1.2128,1.1949,0.9168,1.1233,1.1903,1.1972,1.2137,1.0467,1.2354,1.2128,1.1849,1.1693,1.2312,1.1896,1.2361,1.2434,1.1974,1.2615,1.206,1.1011,1.1697,1.0902,1.0708,1.0779,0.9331,1.2381,1.2181,1.2164,0.8999,1.168,1.2635,1.2291,1.2042,1.2536,1.1712,1.1686,1.1127,1.0364,1.1691,1.1265,1.1314,1.0679,1.2392,1.2323,1.2354,1.1762,1.2096,1.2395,1.2276,1.2103,1.2426,1.2393,1.0932,1.0563,1.1661,1.0762,1.0089,0.9933,1.2463,1.2632,1.2504,1.2531,1.236,1.1943,1.1617,1.2556,1.232,1.2117,1.1772,1.1705,1.1936,1.2075,1.1053,1.1235,0.9157,1.1033,1.2209,1.2136,1.1828,1.1013,1.2232,1.1942,1.215,1.2066,1.2078,1.106,1.219,1.1722,1.1476,1.0959,1.2369,0.9606,0.9844,1.1846,1.2586,1.2388,1.1731,1.1094,1.1528,1.2188,1.1131,1.1938,0.9783,1.2194,1.2239,1.2119,1.2252,1.2283,1.2202,1.1799,1.2415,1.1896,1.1867,1.2198,1.2096,1.1994,1.1328,1.2083,1.2225,1.2193,1.194,1.2044,1.2085,1.2091,1.2086,1.1788,1.2009,1.2601,1.156,1.2182,1.1693,1.1495,1.1597,1.1589,1.251,1.2191,1.1662,1.1904,1.2234,1.2291,1.1737,1.1858,1.2098,1.1613,1.2306,1.203,1.151,1.1816,1.2522,1.187,1.2075,1.1886,1.2438,1.218,1.1639,1.0557,0.9731,0.9166,1.1704,1.222,1.2631
MOD17A3HGF.A2011001.h12v09.006.2021213173737.Npp_500m,MOD17A3HGF,A2011001,Lat-2.8567Lon-54.9589Samp17Line17,2021213173737,1.1802,1.1889,1.178,1.1917,1.1952,1.1713,1.2181,1.2822,1.2732,1.2288,1.2784,1.2358,1.245,1.2005,1.2319,1.2495,1.2286,1.1728,1.1956,1.2058,1.1907,1.1677,1.1854,1.2227,1.269,1.2135,1.2519,1.2426,1.2353,1.2437,1.2351,1.2336,1.2854,1.2837,1.2044,1.1908,1.2055,1.2392,1.1765,1.1879,1.1899,1.2725,1.2276,1.2943,1.2751,1.2458,1.2178,1.2853,1.1972,1.2268,1.3089,1.1495,0.9456,1.1356,1.1204,1.1814,1.2467,1.2359,1.2475,1.2076,1.2414,1.1671,1.2298,1.1243,1.1195,1.1811,1.1867,1.2567,1.2486,1.2083,1.1707,1.1871,1.2111,1.2149,1.2086,1.2473,1.2311,1.2223,1.25,1.2157,1.2369,1.2592,1.2055,1.1847,1.203,1.1929,1.2067,1.2082,1.2144,1.2212,1.2167,1.1992,1.2284,1.2108,1.2113,1.2451,1.258,1.2736,1.241,1.2249,1.2247,1.2961,1.1868,1.2134,1.1841,1.1888,1.2074,1.1473,1.2129,1.228,1.2425,1.2357,1.2719,1.2347,1.2276,1.2329,1.2939,1.2077,1.2083,1.2401,1.2756,1.28,1.2489,1.2485,1.1764,1.1579,1.2516,1.2653,1.2543,1.2808,1.2168,1.2093,1.2596,1.2468,1.2728,1.2355,1.2603,1.2561,1.2557,1.2294,1.2437,1.2987,1.2019,1.2061,1.2367,1.0921,1.2937,1.22,1.2485,1.2869,1.2141,1.2798,1.2676,1.2103,1.2796,1.2462,1.2193,1.1984,1.2264,1.2321,1.1697,1.1547,1.254,1.2307,1.2646,1.2147,1.1659,1.2483,1.1683,1.2096,1.2438,1.2416,1.1782,1.2683,1.2513,1.2813,1.2844,1.23,1.2464,1.2253,1.2388,1.2274,1.2289,1.2609,1.2754,1.278,1.2831,1.2401,1.2576,1.3173,1.2223,1.2648,1.2651,1.2024,1.2776,1.2079,1.245,1.248,1.2631,1.2433,1.2402,1.2821,1.2199,1.2058,1.2334,1.263,1.2354,1.3084,1.2666,1.2513,1.2341,1.2869,1.2582,1.209,1.1918,1.2195,1.2146,1.2215,1.2053,1.2178,1.1077,1.2348,1.262,1.2569,1.2712,1.2692,1.273,1.2393,1.2554,1.2444,1.2256,1.2498,1.283,1.2105,1.262,1.2049,1.2019,1.2165,1.2539,1.2574,1.2605,1.2489,1.1883,1.262,1.3043,1.2502,1.3085,1.3099,1.3021,1.2669,1.2717,1.1958,1.1727,1.2044,1.2538,1.2464,1.2255,1.1898,0.9514,1.0072,1.1448,1.2718,1.2656,1.1717,1.2512,1.2507,1.2264,1.2485,1.214,1.2276,1.21,1.2487,1.2699,1.2405,1.2111,1.2254,1.2934,1.0657,1.258,1.2452,1.2445,1.1943,1.2579,1.2213,1.1777,1.2361,1.2107,1.1883,1.2019
MOD17A3HGF.A2012001.h12v09.006.2021244153617.Npp_500m,MOD17A3HGF,A2012001,Lat-2.8567Lon-54.9589Samp17Line17,2021244153617,1.1408,1.0694,1.0043,1.0736,1.1227,1.2122,1.1719,1.1764,1.0873,1.2386,0.8974,1.1258,1.196,1.0031,1.0074,1.1122,0.9708,0.9931,0.7935,0.7233,0.9079,1.1722,1.0024,1.0588,0.9037,1.2384,1.2316,1.1958,1.1696,1.1446,0.9735,1.1229,1.0933,1.0885,1.1757,0.8496,1.1249,1.08,1.1933,1.1349,1.1204,0.7711,0.935,1.2403,1.1172,1.1201,1.193,0.9708,0.895,1.0254,1.2221,0.8099,0.7882,1.0976,1.085,1.2215,1.2319,1.2194,0.8054,1.1396,1.2548,1.24,1.0991,1.0692,1.23,1.0239,1.1196,1.1124,1.1685,0.823,1.1306,1.1637,1.1829,1.1137,0.809,0.8593,1.208,1.1952,1.2397,1.1964,0.9698,1.2044,1.128,1.1302,1.1089,1.2025,1.2186,1.1919,1.1867,1.1263,1.1259,1.1086,0.8475,1.1883,1.1801,1.2197,1.2449,1.2316,1.2055,1.1399,1.2172,1.0323,1.2204,1.2305,1.1738,1.1726,1.1247,1.246,1.1437,1.0729,1.2221,1.236,1.235,1.2354,1.2274,1.2261,1.1824,1.0937,1.1593,1.1946,1.1982,1.1678,1.1614,1.2151,1.1659,1.2426,1.242,1.2636,1.094,1.087,1.169,1.1858,1.1768,1.2148,1.1962,0.8931,1.1999,1.2217,1.153,1.0992,1.2296,1.2363,1.2226,1.1906,1.1038,1.198,1.1154,1.154,1.2012,1.1707,1.2136,1.2134,1.2023,1.1225,1.1089,1.2317,1.2544,1.2646,1.1441,1.2099,1.1952,1.1685,1.0804,1.0458,1.2226,0.7935,1.107,1.1585,1.1406,1.1968,0.9762,1.1754,1.1851,1.1911,1.169,1.1803,1.2264,1.144,1.1222,1.1544,1.0055,0.9315,1.1495,1.1988,1.1212,1.1527,1.2558,1.0304,0.9287,1.223,1.103,1.1378,1.1767,1.2053,1.1524,1.1034,1.1635,1.1195,1.0018,1.1399,1.0144,0.9856,1.1448,1.2524,1.1622,0.9296,1.1222,1.1037,1.1264,1.1269,1.0122,1.1381,1.1646,1.1049,1.0888,1.1565,1.0665,1.2085,1.1417,1.2642,1.2041,1.1991,1.1956,1.2236,1.1759,1.1514,1.1457,1.1674,1.1276,1.0988,1.0669,0.8174,0.8196,1.0543,0.8235,1.1344,0.8096,1.2094,1.0697,1.0096,1.2158,1.2827,1.1721,1.1419,1.1957,1.2059,1.1745,1.1669,1.1169,0.9639,0.9768,1.1885,0.7939,1.0705,1.2131,1.1709,1.1864,1.1052,1.2068,1.1893,1.2564,1.2061,1.2093,1.1029,1.1235,1.1732,1.245,1.1306,1.124,1.2554,1.1853,1.1333,1.1537,0.9306,1.2251,1.2303,1.22,1.202,1.2061,1.2602,0.9213,1.2265,1.241,1.2528,1.2823,1.2427,1.235,1.1843,1.1903
MOD17A3HGF.A2013001.h12v09.006.2021324233354.Npp_500m,MOD17A3HGF,A2013001,Lat-2.8567Lon-54.9589Samp17Line17,2021324233354,1.0972,1.27,1.2294,1.1519,1.1632,1.2358,1.1827,1.2006,1.0916,1.1288,1.1624,1.1531,1.2273,1.2272,1.2298,1.2426,1.2619,1.1298,1.2211,1.1856,1.1932,1.2158,1.1916,1.1103,1.0672,1.2172,1.143,1.2229,1.2301,1.1333,1.1862,1.2586,1.2464,1.2139,1.178,1.1397,1.1712,1.1007,1.2406,1.2282,1.1893,1.1734,1.204,1.2438,1.1914,1.2198,1.0356,1.188,1.1937,1.2437,1.1828,1.1512,1.1604,1.2071,0.9331,1.2451,1.26,1.2647,1.2573,1.132,1.1961,1.1442,1.1346,1.0966,1.1124,0.9552,0.7693,1.126,1.2416,1.2325,1.216,1.2213,1.1487,1.2483,1.2285,1.2547,1.2249,1.1582,1.2105,1.1961,1.1981,1.1619,1.1512,1.0131,0.7889,1.1197,0.9723,0.7647,0.8153,1.1842,1.2342,1.2485,1.2795,1.2187,1.2587,1.1382,1.2311,1.2205,1.1726,1.1784,1.1908,1.1003,0.9735,1.1108,1.0676,0.9529,1.1907,1.2229,1.2376,1.1847,1.2622,1.2451,1.2359,1.2399,1.1829,1.221,1.1931,1.1364,1.1216,1.0725,1.1043,1.1322,1.076,1.1876,1.242,1.2534,1.2198,1.2518,1.2834,1.2275,1.2776,1.2552,1.2109,1.1959,1.0865,1.1242,1.1239,1.0954,0.9701,1.2015,1.2238,1.1831,1.2663,1.2785,1.2383,1.2329,1.2645,1.2705,1.2637,1.2437,1.221,0.885,1.0284,1.2646,1.2328,1.1566,1.1766,1.2146,1.1613,1.1071,0.9506,1.1073,1.0873,1.1995,1.2523,1.2634,1.2184,1.1548,1.132,1.0295,1.1914,1.2096,1.1871,1.2222,1.136,1.1738,1.0831,0.9898,0.9491,0.818,1.2328,1.1923,1.2221,1.233,1.106,1.0053,1.0934,1.2116,1.1966,1.2118,1.2387,1.2285,1.2057,1.1686,1.2046,1.1826,1.1544,1.1453,0.9448,1.1639,1.2148,1.2024,1.1668,1.0692,1.2117,1.2211,1.1924,1.2465,1.308,1.2287,1.214,1.2051,1.1788,1.228,1.2301,1.1904,1.1988,1.2263,0.9773,1.1165,1.014,1.2097,1.2281,1.2501,1.233,1.2353,1.2747,1.2749,1.1741,1.2501,1.2649,1.2676,1.2237,1.1755,1.2168,1.1821,0.9757,1.2305,1.2701,1.3065,1.287,1.2616,1.269,1.1582,0.8565,1.2457,1.2104,1.2478,1.3125,1.1705,1.2622,1.0854,1.2082,0.8288,0.9878,1.251,1.2524,1.2569,1.2802,1.2301,1.2052,1.271,1.3072,1.2905,1.2647,1.2677,1.2105,1.2456,1.0883,1.2915,0.8383,0.9562,1.1375,1.2339,1.2158,1.2242,1.2143,1.1594,1.2651,1.2023,1.2227,1.2164,1.1676,1.2446,1.1965,1.2141,1.2263,1.2208,1.2198
MOD17A3HGF.A2014001.h12v09.006.2022078231256.Npp_500m,MOD17A3HGF,A2014001,Lat-2.8567Lon-54.9589Samp17Line17,2022078231256,1.3213,1.285,1.1473,1.1448,1.2864,1.2635,1.2804,1.2902,1.2559,1.3318,1.2573,1.2172,1.2049,1.2762,1.3216,1.2921,1.2769,1.3278,1.3082,1.3222,1.3052,1.331,1.3391,1.3052,1.3162,1.2742,1.2584,1.2064,1.2546,1.3236,1.2571,1.267,1.1905,1.2442,1.2777,1.2512,1.2663,1.2994,1.3099,1.3048,1.3008,1.3128,1.3585,1.3026,1.3212,1.3488,1.3268,1.3071,1.2954,1.2979,1.2221,1.2603,1.2448,1.2802,1.3667,1.3623,1.3153,1.19,1.2854,1.3741,1.2856,1.2942,1.3073,1.333,1.237,1.2573,1.328,1.323,1.2367,1.2657,1.2703,1.2882,1.337,1.3762,1.2847,1.2827,1.3832,1.3067,1.3256,1.2913,1.3224,1.2818,1.2677,1.2878,1.2931,1.3503,1.3239,1.291,1.2762,1.2688,1.2718,1.2429,1.2374,1.1809,1.2881,1.3173,1.3092,1.2596,1.3136,1.28,1.2403,1.2698,1.325,1.1787,1.3142,1.2854,1.3198,1.3258,1.3308,1.3162,1.2115,1.2502,1.389,1.3544,1.284,1.3245,1.3193,1.3065,1.3153,1.3151,1.3244,1.2925,1.277,1.2744,1.2967,1.3809,1.3579,1.1894,1.3614,1.4044,1.3978,1.3046,1.2997,1.2656,1.2924,1.2896,1.2819,1.3033,1.1658,1.1695,1.2096,1.2791,1.3886,1.3829,1.2235,1.2702,1.362,1.3731,1.3307,1.2947,1.2857,1.279,1.2385,1.2613,1.2897,1.2239,1.0476,1.2792,1.3256,1.3578,1.3399,1.2798,1.3754,1.3205,1.3513,1.3358,1.2826,1.3058,1.3283,1.2549,1.2412,1.2594,1.3148,1.2738,0.9724,1.2221,0.9352,1.1453,1.2931,1.3615,1.3519,1.2661,1.3051,1.2768,1.3329,1.2869,1.2902,1.189,1.3211,1.1504,0.968,1.1997,1.2074,0.9999,0.937,1.1428,1.2365,1.0829,1.3245,1.3563,1.3442,1.2849,1.2988,1.268,1.1996,1.2677,1.208,0.9818,0.994,0.9643,1.0137,1.2765,1.1568,1.3098,1.3094,1.2122,1.3984,1.3314,1.3594,1.3234,1.3441,1.2751,1.2109,1.34,1.2635,1.3328,1.2903,1.2749,1.3107,1.2744,1.3532,1.4613,1.4399,1.3623,1.3769,1.3163,1.2869,1.2947,1.3228,1.3251,1.3371,1.31,1.1995,1.3016,1.3278,1.2731,1.343,1.3398,1.3293,1.3494,1.3209,1.3678,1.3022,1.2855,1.2998,1.2585,1.2809,1.3346,1.3553,1.3025,1.2605,1.2425,1.3525,1.3044,1.295,1.3561,1.3049,1.2952,1.3748,1.4419,1.3549,1.3061,1.3729,1.3366,1.3493,1.3625,1.2599,1.255,1.327,1.3294,1.2723,1.2901,1.1921,1.3451,1.2862,1.3204,1.3478,1.2411,1.3223
MOD17A3HGF.A2015001.h12v09.006.2021351205922.Npp_500m,MOD17A3HGF,A2015001,Lat-2.8567Lon-54.9589Samp17Line17,2021351205922,1.0758,1.0739,1.0777,0.8889,0.8535,0.9118,1.145,1.1415,1.1818,1.1908,1.1982,1.1785,1.1328,1.3235,1.18,1.0548,1.0853,1.1566,1.1106,1.104,1.1093,0.9824,0.9814,0.9855,1.121,1.1301,1.1688,1.1978,1.1447,1.2016,1.1161,1.0734,1.1677,1.081,1.1973,1.1476,1.1613,1.1673,1.1904,1.1687,1.125,1.1354,1.2247,1.2314,1.2076,0.9603,1.1707,1.1556,1.1683,1.1464,1.1319,1.1846,1.1163,1.1587,1.1735,1.1831,1.1011,1.1899,1.1676,1.1639,1.1393,0.9473,0.9052,1.1492,1.1827,1.0771,1.1838,1.1496,1.0754,1.022,1.0207,1.1064,1.1597,1.2103,1.0328,1.0838,1.0246,0.8117,0.9729,0.9582,1.1837,1.1364,1.1614,1.1643,1.1761,1.1382,1.0826,1.1118,1.1336,1.1535,1.0721,1.165,1.2646,1.2293,1.1414,1.123,1.1343,1.1744,1.1734,1.115,1.1854,1.1609,1.1628,1.1179,1.0688,1.0807,1.0734,1.1078,1.0853,1.2073,1.203,1.1258,0.9884,1.1621,1.1733,1.1987,1.1808,1.131,1.1798,1.1642,1.07,1.151,1.1613,1.1569,1.0012,1.1248,1.1846,1.1889,1.2379,1.141,1.1538,1.1665,1.1668,1.1415,1.1909,1.1317,1.1244,1.2109,1.0957,1.1657,1.1947,1.1829,1.0822,1.063,1.1789,1.1498,0.9371,0.6304,1.1235,1.1194,1.0787,0.8954,1.2238,1.0992,1.0776,1.2182,1.1584,1.1691,1.1694,1.1748,1.1169,1.0972,1.0987,1.0093,1.1313,1.1315,1.1377,1.1146,1.1524,1.0927,1.185,1.1493,1.1493,1.1048,1.1388,1.15,1.1698,1.1067,1.092,1.2154,1.1983,1.171,1.1642,1.1569,1.0685,1.1081,1.0581,1.1809,1.1887,1.1844,1.1194,1.1227,1.1433,1.1716,1.1037,0.9886,1.0214,1.1356,1.0959,1.074,1.0819,1.0991,1.1492,1.1512,0.9945,0.9218,0.9307,0.8721,1.1491,1.1017,1.1353,0.8931,0.8612,0.8499,1.1351,1.0919,1.1053,1.063,1.1138,1.0844,1.1725,0.9429,0.8976,0.8411,0.8555,0.9261,1.0672,0.9671,0.988,1.1131,1.1311,1.1323,1.1624,1.1635,1.1365,1.1358,1.1635,1.1996,1.1432,0.9038,0.8384,0.649,1.1569,1.1704,1.2159,1.1134,0.9367,0.9761,1.1206,1.1086,1.2208,1.1827,1.1848,1.0975,1.1724,0.9501,1.1285,1.0567,0.98,1.0508,1.1598,1.1694,1.1612,1.1528,1.0917,1.1739,1.2235,1.1322,1.1318,1.123,1.2234,1.1102,0.9317,1.1102,1.1163,1.0259,1.0159,1.1523,1.1139,1.178,1.1966,1.1511,1.1547,1.2143,1.258,1.2279,1.1834,1.165,1.0952
MOD17A3HGF.A2016001.h12v09.006.2022003083057.Npp_500m,MOD17A3HGF,A2016001,Lat-2.8567Lon-54.9589Samp17Line17,2022003083057,1.0791,1.0616,1.0462,1.063,1.0504,1.0649,1.071,1.0463,0.9877,1.0231,1.0299,1.1001,0.9988,0.9465,0.9757,1.0055,1.0881,1.0283,1.0662,1.0737,0.9996,1.0397,1.0551,1.0695,1.0517,1.0288,1.0462,1.0107,1.0166,1.0065,1.0336,1.0489,1.0642,1.0471,1.0283,1.0313,1.0108,1.0387,1.0168,1.1042,1.0925,1.0735,0.9992,1.0344,1.0303,1.0109,0.9493,1.0565,1.0497,1.045,1.0774,1.0446,1.07,1.0738,1.0624,1.0145,1.1059,1.019,1.0626,1.058,1.0326,0.9824,1.0115,1.0596,1.0311,1.0751,1.0803,1.1128,1.0768,1.104,1.0293,1.051,1.0175,1.0021,1.0261,1.0934,1.0762,0.9919,1.0546,1.0396,1.0631,1.056,1.1058,1.0979,1.1316,1.0564,1.0486,1.0558,1.0429,0.9964,1.0334,0.9964,1.0266,1.0525,1.042,0.9316,1.0338,0.8994,1.0748,1.1425,1.0986,1.0113,1.0803,1.0421,1.0803,1.0887,1.0385,1.0711,1.0625,1.0339,1.0509,1.0948,1.0813,1.0417,1.0119,1.0754,0.9332,0.9544,0.9563,1.0818,1.0555,1.0472,1.0711,0.9925,1.0529,0.9744,1.022,1.0404,1.0657,1.0989,1.0585,0.9371,1.0487,1.0725,0.7971,0.8143,1.0619,1.0385,1.0211,1.09,0.949,0.9358,1.0183,1.0222,1.0174,1.1355,1.022,1.0429,1.066,1.1236,0.9795,0.9575,1.0702,1.0428,1.0775,1.0441,1.059,1.0775,1.0527,1.0359,1.0418,1.08,1.1567,1.1015,0.9758,1.0401,1.0959,1.1081,1.1194,1.1111,1.0891,1.0989,0.9623,1.0449,1.0697,0.9948,1.006,1.0036,1.0684,1.0981,1.0956,1.0496,1.0421,0.974,1.1138,1.0712,1.0451,1.0856,1.0712,1.0619,1.0855,1.0853,1.0921,1.0593,1.0673,1.0675,1.0759,1.0446,1.0379,1.0898,0.9696,1.0984,1.0921,1.0389,1.0974,1.123,1.0829,1.045,1.0583,1.0331,0.9327,1.1021,1.0804,1.0896,1.1001,1.0287,1.0514,1.0281,1.0175,1.0622,1.0318,1.1203,1.1257,1.1089,1.0168,1.0495,1.0707,0.9493,1.0913,1.0843,1.1291,1.0847,1.0435,1.0056,1.0679,1.0404,1.0356,1.0966,1.0605,1.1128,1.0836,1.0485,1.0396,0.9608,1.0438,0.9751,1.0568,1.018,1.0144,1.0664,1.053,1.0792,1.0634,1.1138,1.0558,1.0109,0.97,1.0446,1.0534,1.0851,1.0053,1.0346,0.9968,1.0179,1.0341,1.036,1.0945,1.0861,1.0545,1.0993,1.1214,1.1218,1.0591,1.1368,1.0722,1.0472,1.0677,1.016,1.0103,1.0166,1.0379,1.0518,0.9845,1.0662,1.1108,1.0884,1.1526,1.1326,1.0511
MOD17A3HGF.A2017001.h12v09.006.2021300022414.Npp_500m,MOD17A3HGF,A2017001,Lat-2.8567Lon-54.9589Samp17Line17,2021300022414,1.0573,1.2696,1.0342,1.2759,1.2741,1.2774,1.1754,1.273,1.1823,1.2643,1.2446,1.2223,1.2724,1.2662,1.262,1.2496,1.1264,1.2122,1.262,1.2566,1.2078,1.2262,1.2723,1.2541,1.2218,1.2879,1.2726,1.2306,1.209,1.1844,1.2781,1.26,1.2556,1.2461,1.2644,1.2725,1.2986,1.2091,1.1784,1.2252,1.266,1.279,1.1476,1.2531,1.2406,1.0782,1.2616,1.285,1.2803,1.266,1.2797,1.1984,1.2387,1.281,1.2209,1.3062,1.3019,1.289,1.2456,1.0833,1.2587,1.2694,1.1996,1.1662,1.2942,1.2789,1.243,1.1832,1.1489,1.1255,1.2735,1.3011,1.2635,1.207,0.9745,1.2926,1.1565,1.2384,1.1996,1.181,1.1747,1.2135,1.1851,1.2918,1.1538,1.163,1.1352,1.2655,1.3002,1.3173,1.3162,1.1519,1.1705,1.1972,1.1878,1.1,1.1335,1.1907,1.196,1.282,1.3203,1.3112,1.118,1.0608,1.1999,1.2861,1.3236,1.1293,1.2937,1.2052,1.2069,1.2362,0.9721,1.1164,1.1,1.1044,1.287,1.3021,1.3061,1.2481,1.2457,1.2634,1.2893,1.2118,1.2462,1.2928,1.2666,1.2502,1.2532,1.2604,1.231,1.2695,1.2707,1.2507,1.2984,1.2186,1.1894,1.2659,1.2807,1.2077,1.1859,1.2066,1.224,1.2618,1.186,1.2419,1.2214,1.2278,1.2267,1.2847,1.1755,1.2937,1.2585,1.2544,1.2868,1.2679,1.2582,1.2469,1.2398,1.2092,1.2132,1.3246,1.3111,1.2593,1.2817,1.2199,1.1357,1.3174,1.3131,1.2122,1.2587,1.285,1.2608,1.251,1.2283,1.2942,1.1878,1.2632,1.2474,1.2898,1.2239,1.2088,1.2258,1.282,1.0196,0.9928,1.2495,1.1981,1.3055,1.2311,1.2658,1.291,1.2809,1.2886,1.2708,1.2063,1.1834,1.2005,1.209,1.1445,1.196,1.2198,1.2177,1.2399,1.2199,1.221,1.2173,1.2814,1.2992,1.3222,1.3041,1.2791,1.2868,1.3025,1.2248,1.2466,1.134,1.2379,1.2058,1.2694,1.3246,1.2729,1.2198,1.3202,1.3062,1.3304,1.2258,1.2245,1.2806,1.2855,1.2892,1.363,1.2503,1.1919,1.2316,1.2073,1.2251,1.2198,1.1729,1.1942,1.2335,1.2896,1.3171,1.2562,1.2846,1.2485,1.206,1.324,1.2615,1.2578,1.1932,1.2909,1.2156,1.2379,1.2896,1.2136,1.2899,1.2668,1.2688,1.3228,1.3054,1.279,1.26,1.2569,1.2457,1.299,1.3448,1.2171,1.3679,1.2823,1.3009,1.2627,1.2669,1.3179,1.1519,1.1645,1.2729,1.2853,1.2704,1.3326,1.3085,1.2914,1.2151,1.2817,1.2797,1.2114,1.249,1.3108,1.218
MOD17A3HGF.A2018001.h12v09.006.2021364003524.Npp_500m,MOD17A3HGF,A2018001,Lat-2.8567Lon-54.9589Samp17Line17,2021364003524,1.2212,1.2891,1.2561,1.2173,1.2593,1.2445,1.2861,1.353,1.3683,1.2986,1.3191,1.3128,1.285,1.3209,1.3619,1.3374,1.3647,1.336,1.3575,1.3003,1.2314,1.343,1.3063,1.1715,1.3179,1.3295,1.3047,1.2799,1.3573,1.2918,1.3444,1.318,1.324,1.3479,1.1992,1.3616,1.3212,1.3215,1.3891,1.2614,1.1694,1.2815,1.2584,1.2636,1.3413,1.2816,1.3387,1.2746,1.2806,1.3193,1.297,1.2993,1.2701,1.2367,1.328,1.2996,1.2818,1.3575,1.1463,1.1995,1.2488,1.3739,1.348,1.0468,1.3207,1.308,1.3129,1.373,1.3364,1.3186,1.3351,1.2472,1.3085,1.3459,1.3632,1.2162,1.3432,1.303,1.3387,1.3105,1.2931,1.3284,1.3382,1.3025,1.2909,1.2906,1.3076,1.344,1.2023,1.1944,1.0714,1.3313,1.2935,1.2773,1.3037,1.3029,1.2295,1.2832,1.2905,1.3147,1.3213,0.8817,1.3135,1.2815,1.2743,1.2907,1.3469,1.1659,1.2819,1.2573,1.3466,1.357,1.3457,1.3263,1.307,1.3194,1.3426,1.3644,1.3265,1.1802,1.2457,1.2658,1.2881,1.2727,1.297,1.0977,1.2576,1.2852,1.2758,1.2914,1.0743,1.2794,1.3175,1.3164,1.176,1.2433,1.3354,1.3326,1.3128,1.2703,1.1655,1.2801,1.1931,1.2264,1.3451,1.3288,1.2852,1.3113,1.3487,1.3931,1.3824,1.3661,1.2999,1.3075,1.287,1.327,1.278,1.2763,1.2686,1.2503,1.2742,1.2993,1.3321,1.3375,1.3341,1.3485,1.0695,1.3454,1.3856,1.4161,1.2719,1.2755,1.2701,1.3109,1.262,1.2638,1.2623,1.2295,1.3334,1.3791,1.3362,1.1906,1.4191,1.4015,1.4087,1.3135,1.3856,1.1441,1.396,1.3498,1.3568,1.3509,1.2721,1.266,1.2617,1.3449,1.3679,1.3508,1.3804,1.3817,1.3912,1.3488,1.3933,1.1204,1.3337,1.3449,1.2515,1.2624,1.2709,1.2378,1.2873,1.3469,1.3857,1.3279,1.3347,1.2578,1.2888,1.1961,1.1861,1.341,1.0463,1.2384,1.2633,1.3331,1.4305,1.2941,1.2921,1.264,1.15,1.2731,1.4129,1.3157,1.3056,1.2377,1.2606,1.261,1.2801,1.2809,1.3043,1.3322,1.3666,1.3645,1.3992,1.3567,1.2809,1.2516,1.2767,1.2306,1.2592,1.3428,1.3525,1.2784,1.2981,1.337,1.2787,1.3249,1.3097,1.3901,1.3317,1.3783,1.3593,1.3143,1.3514,1.2594,1.3012,1.3493,1.351,1.3486,1.2106,1.3596,1.3458,1.3573,1.3323,1.3049,1.3855,1.3824,1.3512,1.3395,1.3503,1.2055,1.2018,1.248,1.2459,1.3864,1.3202,1.355,1.3438,1.3381,1.3219
MOD17A3HGF.A2019001.h12v09.006.2021001045623.Npp_500m,MOD17A3HGF,A2019001,Lat-2.8567Lon-54.9589Samp17Line17,2021001045623,1.1176,1.1647,1.2293,1.2074,1.197,1.1933,1.0847,1.1677,1.1787,1.184,1.2101,1.2346,1.0993,1.2042,0.9671,1.0769,1.0728,1.2029,1.1866,1.163,1.1845,1.1052,1.1496,1.1522,1.1156,1.1621,1.1749,1.1857,1.1473,1.0743,1.1739,1.1271,1.1663,0.9268,1.2013,1.1872,1.1734,1.1677,1.1492,1.1772,1.0752,1.1947,1.1378,1.1025,1.1486,1.0324,1.0809,1.0079,1.2377,1.1481,1.2733,1.1975,1.1796,1.2479,1.2425,1.2136,1.1837,1.066,0.9649,0.9191,1.1813,1.1531,1.0309,1.077,1.1173,1.148,1.0623,1.2163,1.1539,1.1016,1.1769,1.1785,1.1949,1.1472,1.1274,1.1057,1.1573,1.1795,1.1931,1.0297,1.1339,1.2328,1.1477,1.1723,1.1433,1.1664,1.1188,1.0208,1.1637,1.1961,1.1468,1.221,1.2134,1.1671,1.1405,1.1421,1.1829,1.2713,1.142,1.0582,1.0642,1.1727,1.2198,1.0293,1.2175,1.2034,0.9406,1.0878,1.1994,1.1423,1.2192,1.104,1.1201,1.1841,1.1786,1.2245,1.2037,1.1681,1.1535,1.2531,1.2078,1.1891,1.2215,1.1352,1.1271,1.1462,1.2464,1.1416,1.0259,1.1179,1.2133,1.2003,1.2084,1.2108,1.2247,1.1859,1.2265,1.0979,1.1473,1.199,1.1953,1.1901,1.152,1.1634,1.2206,1.2643,1.1951,1.1761,1.2246,1.2462,1.2318,1.2191,1.193,1.113,1.1874,1.1186,1.2003,1.1975,1.2205,1.1853,1.1919,1.1693,1.2383,1.1902,1.2097,1.1806,1.2176,1.249,1.1802,1.2036,1.0383,1.1066,1.0964,1.1486,1.1485,1.1962,1.1551,1.111,1.1779,1.2227,1.2301,1.2075,1.1604,1.1999,1.167,1.2092,1.0949,1.2446,1.1266,1.1383,1.1155,1.1344,1.164,1.1776,1.0395,1.0619,1.272,1.2678,1.1969,1.2102,1.2421,1.1558,1.1529,1.0774,1.2666,1.2838,1.2469,1.1438,1.2024,1.2314,1.2097,1.2447,1.1441,1.1896,1.1728,1.1757,1.2072,1.1903,1.2049,1.1738,1.1532,1.2078,1.2512,1.1948,1.1463,1.1836,1.2162,1.186,1.1277,1.0101,1.2718,1.2176,1.1574,1.1651,1.0914,1.1227,1.1374,1.1736,1.1985,1.1834,1.1787,1.219,1.1948,1.2955,1.1628,1.0373,1.044,1.2058,1.1876,1.2259,1.2389,1.16,1.2344,1.2324,1.2076,1.2281,1.15,1.199,1.2052,1.2109,1.1748,1.1732,0.9209,1.1817,1.1403,1.1743,1.2005,1.1857,1.1271,1.2155,1.2294,1.1213,1.2433,1.1757,1.2131,1.2275,1.2258,1.0592,1.1831,1.1418,1.0545,1.1685,1.1792,1.1602,0.9302,1.191,1.2229,1.2465,1.1982
MOD17A3HGF.A2020001.h12v09.006.2021015033220.Npp_500m,MOD17A3HGF,A2020001,Lat-2.8567Lon-54.9589Samp17Line17,2021015033220,1.13,1.2008,1.1175,1.1482,1.138,1.169,1.1685,1.1898,1.1691,1.17,1.135,1.159,1.1619,1.1639,1.2427,1.2969,1.2274,1.151,1.1164,1.1132,1.1213,1.103,1.1179,1.2051,1.1926,1.2285,1.1689,1.1832,1.1519,1.1742,1.197,1.1769,1.17,1.1947,1.1051,1.1188,1.1876,1.1266,1.0812,1.0753,1.2063,1.2041,1.2138,1.1864,1.2061,1.152,1.2045,1.1939,1.1721,1.0725,1.1954,1.143,1.15,1.1324,1.1572,1.0984,1.0968,1.1393,1.1853,1.146,1.1798,1.2136,1.1739,1.1838,1.1594,1.1619,1.1569,1.1717,1.1597,1.1633,1.1693,1.0944,1.1382,1.0683,1.0965,1.1411,1.1642,1.154,1.1236,1.1865,1.1892,1.1232,1.1624,1.133,1.1478,1.2071,1.151,1.167,1.1682,1.2021,1.195,1.1158,1.1568,1.1814,1.2185,1.2169,1.1983,1.1409,1.1875,1.154,1.2031,1.1663,1.2003,1.1744,1.104,1.148,1.1284,1.2346,1.1753,1.182,1.2169,1.1756,1.1842,1.1997,1.139,1.0652,1.1009,1.1772,1.1474,1.1141,1.1867,1.0807,1.216,0.9744,1.2063,1.1845,1.222,1.1486,1.14,1.1372,1.1739,1.2214,1.218,1.1733,1.1656,1.1928,1.1467,1.1019,1.2072,1.2481,1.1118,1.1249,1.2194,1.1915,1.1675,1.1817,1.1983,1.2352,1.2526,1.2683,1.2047,1.1823,1.1217,1.22,1.1884,1.2163,1.2737,1.1787,1.1624,1.1318,1.1198,1.1745,1.1523,1.2033,1.2085,1.1699,1.2252,1.1862,1.1814,1.2043,1.2055,1.0894,1.1992,1.1125,1.1331,1.1227,1.1745,1.0612,1.1507,1.06,1.1931,1.1624,1.1398,1.1702,1.1971,1.1856,1.202,1.1184,1.1771,1.2505,1.2352,1.234,1.1703,1.1599,1.1449,1.0344,1.1388,1.0128,1.2495,1.1804,1.1223,1.2214,1.1875,1.177,1.1729,1.1232,1.1079,1.113,1.1871,1.0547,1.2057,1.2041,1.2849,1.2033,1.1828,1.1702,1.1144,1.1747,1.0962,1.1494,1.275,1.1841,1.1923,1.1204,1.1453,1.2856,1.1139,1.2068,1.2137,1.1499,1.1242,1.0242,1.0277,1.091,1.1068,1.1144,1.0727,1.2092,1.0656,1.2552,1.2203,1.0078,1.1791,1.2399,1.2541,1.1679,1.223,1.2353,1.1572,1.1781,1.1841,1.2326,1.2323,1.1642,1.2011,0.8703,0.8734,1.2503,1.13,1.1043,1.0486,1.1646,1.2084,1.1378,1.1177,1.2263,1.1634,1.2531,1.1789,1.171,1.1956,1.1564,1.1284,1.1381,1.1848,1.0892,1.2054,1.1366,1.1633,1.24,1.087,1.0575,1.1044,1.1595,1.2153,1.2023,1.1925,1.1933,1.2301
MOD17A3HGF.A2021001.h12v09.006.2022020140559.Npp_500m,MOD17A3HGF,A2021001,Lat-2.8567Lon-54.9589Samp17Line17,2022020140559,1.1426,1.1791,1.1292,1.0692,1.0601,1.1489,1.1894,1.1788,1.1446,1.195,1.2304,1.1837,1.0691,1.0831,1.0835,1.2439,1.2159,1.1203,1.2197,1.2108,1.0608,1.2278,1.1882,1.1483,1.1643,1.1878,1.2223,1.2565,1.1763,1.1141,0.9933,0.9689,1.1271,1.2229,1.0612,1.0513,1.1765,1.1163,1.1421,1.1848,1.1789,1.1693,1.2239,1.1646,1.2055,1.209,1.157,1.1696,0.9928,1.0259,1.2013,1.1708,1.1463,1.1463,1.1804,1.1827,1.1643,1.2001,1.2015,1.1197,1.1822,1.1713,1.1836,1.1988,1.2154,1.2009,1.1494,1.2136,1.1564,1.1614,1.1781,1.153,1.1799,1.1866,1.1793,1.1713,1.0215,1.0311,1.1302,1.1585,1.1396,1.1317,1.1344,1.1805,1.2009,1.1672,1.1912,1.1393,1.1711,1.0246,1.0872,1.0679,0.9449,1.1692,1.1683,1.1592,1.2035,1.1786,1.157,1.1895,1.2068,1.2152,1.1951,1.2141,1.1678,1.1645,1.1764,1.1701,1.1799,1.1825,1.239,1.2128,1.1807,1.1649,1.132,1.198,1.1875,1.2017,1.0882,1.1799,1.1917,1.1873,1.1801,1.095,1.2152,1.2281,0.9497,1.0838,1.0866,1.1706,1.1221,1.2435,1.1065,1.2158,1.1577,1.2397,1.1823,1.1831,0.9989,1.2312,1.2124,1.0833,1.2122,1.1807,0.8923,1.2585,0.9574,1.1551,1.2323,1.1463,1.1334,1.163,1.2171,1.0437,1.0146,1.1368,1.2272,1.1697,1.1306,1.1455,1.1643,1.1798,1.1254,1.1725,1.2278,1.1517,1.0713,1.1945,1.1937,1.1818,1.2052,1.0179,0.993,1.2033,1.1635,1.1829,1.1846,1.1678,1.1832,1.1222,1.1626,1.2003,1.1506,1.181,1.1982,1.1857,1.2012,1.0821,1.0744,1.1434,1.1928,1.1719,1.1205,1.0221,1.0472,1.1364,1.1312,1.1261,1.0459,1.1723,1.1553,1.2038,1.2117,1.2201,1.1663,1.0313,1.2286,1.1521,1.1987,1.209,1.1248,1.2233,1.1163,1.1154,0.8979,1.2026,1.1803,1.1161,1.1822,1.2036,1.1814,1.1399,1.1473,1.167,1.2672,1.1827,1.1308,1.1974,1.192,1.1994,1.1411,1.0891,1.1599,1.1861,1.188,1.0481,0.9489,1.0059,1.2163,1.1889,1.1375,1.1985,1.1939,1.206,1.1607,1.2619,1.214,1.2012,1.18,1.1718,1.2016,1.1846,1.21,1.0984,0.9889,1.1419,1.1298,1.1509,1.1556,1.1675,1.2072,1.0892,1.0226,1.211,1.0628,1.245,1.1032,1.2481,1.1623,1.0773,1.179,1.155,1.1617,1.1688,1.1144,1.1163,0.9914,1.029,1.0497,1.0931,1.0742,1.1062,1.0622,1.2265,1.2355,1.2115,1.247,1.1766,1.2085
MOD17A3HGF.A2022001.h12v09.006.2023035051838.Npp_500m,MOD17A3HGF,A2022001,Lat-2.8567Lon-54.9589Samp17Line17,2023035051838,1.2251,1.2981,1.2926,1.2954,1.2697,1.2994,1.3289,1.3002,1.2126,1.1865,1.2977,1.3142,1.2738,1.3194,1.3102,1.2542,1.2438,1.2351,1.2821,1.1891,1.2871,1.2333,1.2903,1.3052,1.202,1.1292,1.2721,1.2743,1.2686,1.2724,1.3079,1.2837,1.2702,1.2611,1.2042,1.1992,1.2686,1.261,1.2521,1.1211,1.2547,1.2688,1.2636,1.2199,1.2907,1.2323,1.2953,1.0772,1.2266,1.2424,1.3211,1.2669,1.1641,1.1529,1.2057,1.2318,1.3258,1.3075,1.3094,1.2578,1.2486,1.0019,1.3069,1.2803,1.1919,1.291,1.2751,1.2407,1.1577,1.1404,1.2261,1.2113,1.0822,0.9939,1.2912,1.3085,1.2647,1.2638,1.273,1.2419,1.247,1.2753,1.28,1.2207,1.1778,1.1873,1.2596,1.2455,1.2154,1.0933,1.1236,1.2481,1.1921,1.2078,1.2771,1.2477,1.2349,1.3291,1.2756,1.3292,1.2572,1.2339,1.2377,1.1883,1.2096,1.2616,1.0928,1.2147,1.0989,1.0896,1.279,1.2707,1.2716,1.2489,1.276,1.2895,1.3166,1.1251,1.1252,1.1772,1.27,1.1693,1.2633,1.2737,1.1875,1.0734,1.2988,1.2574,1.263,1.2879,1.1981,1.2683,1.2956,1.286,1.2993,1.218,1.1181,1.196,1.3166,1.1997,1.2899,1.2535,1.2416,1.3205,1.2705,1.2938,1.2097,1.1986,1.1058,1.2366,1.2571,1.301,1.3003,1.1932,1.1906,1.17,1.1777,1.2722,1.2408,1.2912,1.2912,1.2385,1.1479,1.1579,1.2593,1.2294,1.2372,1.2519,1.2791,1.2575,1.2382,1.274,1.0509,1.2565,1.3028,1.1903,1.2515,1.2104,1.2772,1.2941,1.2484,1.1476,1.2948,1.2713,1.1651,1.172,1.2833,1.261,1.2433,1.1429,1.1993,1.2567,1.2231,1.1165,1.3243,1.2391,1.3024,1.1957,1.2697,1.2005,1.1971,1.0834,1.0822,1.2828,1.2442,1.167,1.1754,1.2652,1.2882,1.1306,1.2454,1.2062,1.2156,1.2788,1.3024,1.2371,1.2186,1.1962,1.1082,1.1158,1.289,1.2407,1.2609,1.2661,1.174,1.0767,1.0088,1.2611,1.347,1.328,1.3094,1.3197,1.2591,1.2632,1.2801,1.3221,1.2986,1.2784,1.2924,1.2996,1.2348,1.2563,1.1256,1.0483,1.2344,1.2372,1.3084,1.2682,1.1958,1.2199,1.2803,1.3067,1.3089,1.1928,1.2322,1.2699,1.2073,1.2727,0.996,1.0789,1.1366,1.2803,1.2556,1.2859,1.2725,1.2509,1.2673,1.2622,1.2079,1.2228,1.119,1.0558,1.2588,1.2376,1.1968,0.964,1.2607,1.232,1.2674,1.2344,1.2288,1.2906,1.2719,1.2655,1.2654,1.2925,1.2858,1.407,1.2384
MOD17A3HGF.A2023001.h12v09.006.2024021045630.Npp_500m,MOD17A3HGF,A2023001,Lat-2.8567Lon-54.9589Samp17Line17,2024021045630,1.1294,1.1129,1.1523,1.1179,1.1656,1.1753,1.1708,1.1692,1.1655,1.2159,1.2119,1.191,1.1607,1.1753,1.183,1.1679,1.1817,1.1312,1.1032,1.1363,1.1789,1.1318,1.2058,1.1721,1.1729,1.1874,1.1815,1.1758,1.1693,1.2011,1.1584,1.1667,1.1707,1.1905,1.1618,1.1554,1.1303,1.1878,1.0428,1.1732,1.1904,1.1657,1.1239,1.1894,1.1395,1.1779,1.1797,1.1809,1.1697,1.1593,1.1812,1.1461,1.1249,1.1712,1.1909,1.1182,1.1137,1.1148,1.1615,1.177,1.2104,1.169,1.1405,1.13,1.165,1.167,1.1584,1.165,1.1003,1.1333,1.1531,1.1247,1.1339,1.1262,1.1083,1.0986,1.1612,1.1923,1.1542,1.1708,1.1518,1.1369,1.1544,1.1617,1.143,1.1401,1.1451,1.1188,1.141,1.1163,1.1207,1.1204,1.0854,1.1311,1.1551,1.1682,1.1881,1.1808,1.174,1.1698,1.1697,1.154,1.1356,1.1234,1.1281,1.1649,1.1785,1.1485,1.1629,1.1794,1.1832,1.206,1.213,1.1396,1.1487,1.1875,1.1759,1.1881,1.1836,1.1051,1.1019,1.1281,1.0712,1.1551,1.1632,1.181,1.1845,1.198,1.2142,1.2094,1.1676,1.1465,1.1717,1.223,1.1447,1.1531,1.1143,1.1344,1.1492,1.1249,1.1598,1.1566,1.2062,1.1601,1.1783,1.1634,1.2063,1.2339,1.1974,1.1825,1.2089,1.1669,1.2123,1.1143,1.1186,1.1463,1.1638,1.1603,1.1076,1.1787,1.2011,1.1256,1.1788,1.1591,1.2107,1.1647,1.1609,1.2032,1.2168,1.225,1.1076,1.1562,1.1612,1.2092,1.1616,1.1691,1.1501,1.126,1.1467,1.2103,1.2014,1.0989,1.1621,1.1438,1.1908,1.2003,1.2056,1.1634,1.1649,1.1942,1.2171,1.1466,1.1655,1.1386,1.2024,1.1898,1.237,1.2308,1.1112,1.1777,1.1907,1.1774,1.2364,1.2219,1.1666,1.1933,1.1994,1.1675,1.2061,1.1472,1.1566,1.0555,1.1389,1.1694,1.168,1.17,1.1316,1.1623,1.2312,1.1993,1.2357,1.126,1.1567,1.1249,1.1997,1.2195,1.1978,1.1573,1.1114,1.0137,1.0337,1.1737,1.2106,1.1408,1.068,1.0665,1.2054,1.2132,1.0674,1.0401,1.0906,1.1762,1.1564,1.1743,1.1456,1.0767,1.034,1.1217,1.1758,1.1969,1.1099,1.2414,1.2379,1.1842,1.1351,1.0855,1.0478,1.1308,1.05,1.0351,1.137,1.1505,0.9981,0.9161,1.1576,1.1931,1.1848,1.2107,1.2073,1.1565,1.1658,1.1492,1.144,1.054,1.0969,1.0713,1.0729,1.0301,1.0009,1.0015,1.0241,1.235,1.2238,1.2114,1.1559,1.1208,1.1418,1.1262,1.1526
